Start date,Role,Department,Office,Manager,Buddy,IT ticket,Status
2026-10-05,Procurement Specialist Logistics,Procurement & Supply Chain,Hamburg,Laura Kessler,Oliver Grant,SD-48262,IT ready
2026-10-15,Battery Storage Project Developer,Projects,Edinburgh,Kwame Mensah,Grace Mitchell,SD-48314,IT ready
2026-10-15,Information Security Analyst,IT & Security,Hamburg,Katarzyna Nowak,Yusuf Demir,SD-48288,Offer accepted
2026-11-02,HV Commissioning Engineer,Engineering,Edinburgh,Mei Tanaka,Anna Schulte,SD-48236,IT ready
2026-11-03,Information Security Analyst,IT & Security,Hamburg,Katarzyna Nowak,Anna Schulte,SD-48210,Contract signed
2026-11-05,SCADA Engineer,Asset Operations,Copenhagen,Sara Lindgren,Sophie Martin,SD-48223,IT ready
2026-11-12,Electrolyser Process Engineer,Projects,Hamburg,Isabel Ferreira,Grace Mitchell,SD-48249,Offer accepted
2026-11-12,Environmental Specialist,"Health, Safety & Environment",Hamburg,Clara Neumann,Sara Lindgren,SD-48340,Contract signed
2026-11-12,Environmental Specialist,"Health, Safety & Environment",Hamburg,Clara Neumann,Sophie Martin,SD-48353,Contract signed
2026-11-15,Procurement Specialist Logistics,Procurement & Supply Chain,Hamburg,Laura Kessler,Yusuf Demir,SD-48327,IT ready
2026-11-15,Senior Financial Analyst,Finance & Controlling,Hamburg,Marcus Bell,Anna Schulte,SD-48301,Contract signed
2026-12-03,HV Commissioning Engineer,Engineering,Edinburgh,Mei Tanaka,Grace Mitchell,SD-48275,Contract signed
