date,turbine,iss_envelope_rms_g,iss_kurtosis,hss_envelope_rms_g,oil_particle_count_per_ml,gbx_oil_temp_c,alarm_state
2025-11-15,T-07,0.40,3.07,0.31,187,58.8,OK
2025-11-16,T-07,0.41,3.09,0.33,197,60.0,OK
2025-11-17,T-07,0.41,3.12,0.28,182,55.5,OK
2025-11-18,T-07,0.44,3.13,0.28,163,59.2,OK
2025-11-19,T-07,0.42,3.07,0.31,191,59.2,OK
2025-11-20,T-07,0.40,3.18,0.29,197,56.1,OK
2025-11-21,T-07,0.42,3.12,0.34,179,56.7,OK
2025-11-22,T-07,0.46,3.11,0.33,169,58.0,OK
2025-11-23,T-07,0.46,3.16,0.31,172,59.8,OK
2025-11-24,T-07,0.45,3.12,0.33,206,57.9,OK
2025-11-25,T-07,0.42,3.11,0.31,203,56.3,OK
2025-11-26,T-07,0.47,3.08,0.33,198,59.5,OK
2025-11-27,T-07,0.42,3.06,0.31,199,59.0,OK
2025-11-28,T-07,0.46,3.07,0.33,175,56.6,OK
2025-11-29,T-07,0.46,3.08,0.32,185,56.8,OK
2025-11-30,T-07,0.45,3.20,0.33,222,57.9,OK
2025-12-01,T-07,0.50,3.10,0.29,214,55.7,OK
2025-12-02,T-07,0.50,3.16,0.30,223,57.0,OK
2025-12-03,T-07,0.47,3.12,0.29,230,60.0,OK
2025-12-04,T-07,0.47,3.14,0.32,231,59.5,OK
2025-12-05,T-07,0.52,3.15,0.30,218,57.1,OK
2025-12-06,T-07,0.49,3.16,0.33,250,56.5,OK
2025-12-07,T-07,0.54,3.20,0.30,231,60.7,OK
2025-12-08,T-07,0.55,3.30,0.32,250,56.3,OK
2025-12-09,T-07,0.56,3.24,0.33,262,57.4,OK
2025-12-10,T-07,0.54,3.25,0.30,276,56.8,OK
2025-12-11,T-07,0.58,3.26,0.28,288,58.7,OK
2025-12-12,T-07,0.60,3.36,0.33,284,57.4,OK
2025-12-13,T-07,0.59,3.27,0.34,333,60.6,OK
2025-12-14,T-07,0.60,3.29,0.32,339,59.7,OK
2025-12-15,T-07,0.60,3.38,0.34,323,59.2,OK
2025-12-16,T-07,0.64,3.34,0.32,384,58.3,OK
2025-12-17,T-07,0.63,3.42,0.31,373,57.4,OK
2025-12-18,T-07,0.66,3.36,0.33,384,55.8,OK
2025-12-19,T-07,0.68,3.48,0.32,402,55.1,OK
2025-12-20,T-07,0.72,3.48,0.34,438,57.9,OK
2025-12-21,T-07,0.71,3.50,0.31,467,58.3,OK
2025-12-22,T-07,0.71,3.48,0.29,500,55.5,OK
2025-12-23,T-07,0.74,3.60,0.33,499,55.6,OK
2025-12-24,T-07,0.79,3.56,0.31,574,57.1,OK
2025-12-25,T-07,0.76,3.63,0.31,561,56.3,OK
2025-12-26,T-07,0.78,3.64,0.28,608,55.2,OK
2025-12-27,T-07,0.82,3.57,0.32,631,59.2,OK
2025-12-28,T-07,0.85,3.76,0.33,666,59.2,OK
2025-12-29,T-07,0.86,3.71,0.30,706,57.6,OK
2025-12-30,T-07,0.88,3.72,0.31,759,55.0,OK
2025-12-31,T-07,0.91,3.73,0.30,789,61.0,OK
2026-01-01,T-07,0.92,3.80,0.30,850,60.1,OK
2026-01-02,T-07,0.98,3.83,0.32,903,60.2,OK
2026-01-03,T-07,1.01,3.82,0.28,945,57.1,OK
2026-01-04,T-07,1.04,3.83,0.30,997,60.3,OK
2026-01-05,T-07,1.04,4.00,0.28,1011,58.7,WARNING
2026-01-06,T-07,1.06,4.00,0.32,1093,60.2,WARNING
2026-01-07,T-07,1.09,4.01,0.31,1130,55.1,WARNING
2026-01-08,T-07,1.14,4.12,0.30,1188,55.1,WARNING
2026-01-09,T-07,1.14,4.11,0.32,1255,61.0,WARNING
2026-01-10,T-07,1.19,4.17,0.34,1319,58.7,WARNING
2026-01-11,T-07,1.25,4.12,0.29,1398,55.9,WARNING
2026-01-12,T-07,1.27,4.15,0.33,1456,58.1,WARNING
2026-01-13,T-07,1.30,4.27,0.28,1494,57.8,WARNING
2026-01-14,T-07,3.95,6.80,0.29,1575,59.9,ALARM
