Employee no.,Department,Office,Module,Assigned,Completed,Score
WE10230,Community Engagement,Copenhagen,Sanctions & export control,2026-06-01,2026-07-11,100
WE10233,Grid & Permits,Copenhagen,Anti-bribery 2026,2026-06-01,2026-06-19,85
WE10236,Grid & Permits,Hamburg,Anti-bribery 2026,2026-06-01,2026-06-09,95
WE10239,Legal & Contracts,Copenhagen,Sanctions & export control,2026-06-01,2026-07-11,85
WE10242,Projects,Hamburg,Speak Up / whistleblowing,2026-06-01,2026-07-25,90
WE10245,Projects,Hamburg,Data protection basics,2026-06-01,2026-09-18,90
WE10248,IT & Security,Hamburg,Speak Up / whistleblowing,2026-06-01,2026-06-27,90
WE10251,Legal & Contracts,Edinburgh,Speak Up / whistleblowing,2026-06-01,2026-06-21,100
WE10254,HR & People,Hamburg,Data protection basics,2026-06-01,2026-09-16,90
WE10257,Marketing & Communications,Edinburgh,Speak Up / whistleblowing,2026-06-01,2026-06-02,100
WE10260,Community Engagement,Copenhagen,Sanctions & export control,2026-06-01,2026-07-04,85
WE10263,Finance & Controlling,Copenhagen,Speak Up / whistleblowing,2026-06-01,,
WE10266,Asset Operations,Copenhagen,Speak Up / whistleblowing,2026-06-01,2026-06-17,95
WE10269,Grid & Permits,Edinburgh,Data protection basics,2026-06-01,2026-06-25,85
WE10272,Grid & Permits,Hamburg,Sanctions & export control,2026-06-01,2026-06-08,90
WE10275,Asset Operations,Edinburgh,Anti-bribery 2026,2026-06-01,,
WE10278,Procurement & Supply Chain,Edinburgh,Sanctions & export control,2026-06-01,2026-09-18,100
WE10281,Community Engagement,Edinburgh,Speak Up / whistleblowing,2026-06-01,2026-08-20,90
WE10284,Projects,Hamburg,Speak Up / whistleblowing,2026-06-01,2026-09-20,85
WE10287,IT & Security,Copenhagen,Data protection basics,2026-06-01,2026-08-11,85
WE10290,Grid & Permits,Edinburgh,Speak Up / whistleblowing,2026-06-01,2026-06-26,95
WE10293,IT & Security,Edinburgh,Data protection basics,2026-06-01,,
WE10296,Community Engagement,Hamburg,Anti-bribery 2026,2026-06-01,2026-09-19,100
WE10299,Asset Operations,Hamburg,Data protection basics,2026-06-01,2026-06-05,100
WE10302,Engineering,Edinburgh,Data protection basics,2026-06-01,2026-07-10,85
WE10305,HR & People,Edinburgh,Speak Up / whistleblowing,2026-06-01,2026-06-28,80
WE10308,Procurement & Supply Chain,Copenhagen,Anti-bribery 2026,2026-06-01,2026-06-11,90
WE10311,Legal & Contracts,Hamburg,Data protection basics,2026-06-01,2026-09-21,90
WE10314,Finance & Controlling,Hamburg,Sanctions & export control,2026-06-01,2026-06-08,85
WE10317,Projects,Copenhagen,Data protection basics,2026-06-01,2026-09-12,100
WE10320,Procurement & Supply Chain,Edinburgh,Speak Up / whistleblowing,2026-06-01,2026-09-03,90
WE10323,HR & People,Hamburg,Speak Up / whistleblowing,2026-06-01,2026-09-25,100
WE10326,Grid & Permits,Copenhagen,Speak Up / whistleblowing,2026-06-01,2026-07-26,95
WE10329,Marketing & Communications,Edinburgh,Data protection basics,2026-06-01,2026-09-14,95
WE10332,Community Engagement,Edinburgh,Anti-bribery 2026,2026-06-01,2026-06-09,90
WE10335,HR & People,Edinburgh,Sanctions & export control,2026-06-01,2026-06-23,95
WE10338,HR & People,Hamburg,Data protection basics,2026-06-01,2026-09-08,80
WE10341,Finance & Controlling,Hamburg,Data protection basics,2026-06-01,,
WE10344,Finance & Controlling,Hamburg,Speak Up / whistleblowing,2026-06-01,,
WE10347,Grid & Permits,Hamburg,Data protection basics,2026-06-01,2026-07-23,95
WE10350,Finance & Controlling,Hamburg,Sanctions & export control,2026-06-01,2026-08-01,80
WE10353,Grid & Permits,Copenhagen,Data protection basics,2026-06-01,2026-06-11,100
WE10356,Community Engagement,Edinburgh,Data protection basics,2026-06-01,2026-06-27,95
WE10359,HR & People,Edinburgh,Data protection basics,2026-06-01,,
WE10362,HR & People,Hamburg,Data protection basics,2026-06-01,2026-06-15,85
WE10365,Legal & Contracts,Hamburg,Data protection basics,2026-06-01,2026-07-05,95
WE10368,Marketing & Communications,Edinburgh,Sanctions & export control,2026-06-01,2026-07-13,100
WE10371,Community Engagement,Edinburgh,Data protection basics,2026-06-01,2026-09-12,100
WE10374,IT & Security,Edinburgh,Data protection basics,2026-06-01,2026-07-27,80
WE10377,IT & Security,Edinburgh,Speak Up / whistleblowing,2026-06-01,2026-08-06,95
WE10380,Grid & Permits,Edinburgh,Data protection basics,2026-06-01,,
WE10383,Community Engagement,Edinburgh,Speak Up / whistleblowing,2026-06-01,2026-07-22,100
WE10386,Procurement & Supply Chain,Copenhagen,Anti-bribery 2026,2026-06-01,,
WE10389,Procurement & Supply Chain,Edinburgh,Data protection basics,2026-06-01,2026-06-27,85
WE10392,Engineering,Edinburgh,Anti-bribery 2026,2026-06-01,2026-08-25,100
WE10395,Asset Operations,Hamburg,Data protection basics,2026-06-01,2026-07-25,90
WE10398,Engineering,Hamburg,Data protection basics,2026-06-01,2026-07-28,100
WE10401,Asset Operations,Edinburgh,Data protection basics,2026-06-01,2026-08-19,100
WE10404,Legal & Contracts,Copenhagen,Sanctions & export control,2026-06-01,2026-08-23,80
WE10407,Projects,Edinburgh,Speak Up / whistleblowing,2026-06-01,2026-08-19,85
WE10410,Grid & Permits,Hamburg,Data protection basics,2026-06-01,2026-09-28,95
WE10413,Asset Operations,Copenhagen,Sanctions & export control,2026-06-01,,
WE10416,Procurement & Supply Chain,Edinburgh,Data protection basics,2026-06-01,2026-07-28,80
WE10419,IT & Security,Hamburg,Data protection basics,2026-06-01,2026-06-12,80
WE10422,Legal & Contracts,Edinburgh,Sanctions & export control,2026-06-01,2026-06-24,90
WE10425,Procurement & Supply Chain,Hamburg,Sanctions & export control,2026-06-01,2026-06-18,100
WE10428,Asset Operations,Hamburg,Anti-bribery 2026,2026-06-01,2026-07-06,85
WE10431,Projects,Edinburgh,Data protection basics,2026-06-01,2026-07-10,100
WE10434,Engineering,Edinburgh,Sanctions & export control,2026-06-01,2026-06-08,90
WE10437,Legal & Contracts,Hamburg,Anti-bribery 2026,2026-06-01,,
WE10440,Procurement & Supply Chain,Hamburg,Sanctions & export control,2026-06-01,2026-08-14,95
WE10443,Asset Operations,Edinburgh,Anti-bribery 2026,2026-06-01,2026-06-14,85
WE10446,Procurement & Supply Chain,Edinburgh,Sanctions & export control,2026-06-01,2026-08-25,95
WE10449,Legal & Contracts,Hamburg,Speak Up / whistleblowing,2026-06-01,,
WE10452,IT & Security,Edinburgh,Data protection basics,2026-06-01,2026-06-27,95
WE10455,Marketing & Communications,Hamburg,Anti-bribery 2026,2026-06-01,2026-09-25,85
WE10458,Community Engagement,Copenhagen,Data protection basics,2026-06-01,2026-07-16,90
WE10461,Legal & Contracts,Copenhagen,Data protection basics,2026-06-01,2026-09-09,85
WE10464,Legal & Contracts,Copenhagen,Speak Up / whistleblowing,2026-06-01,,
WE10467,Marketing & Communications,Edinburgh,Speak Up / whistleblowing,2026-06-01,,
WE10470,HR & People,Copenhagen,Anti-bribery 2026,2026-06-01,2026-07-19,90
WE10473,Community Engagement,Hamburg,Sanctions & export control,2026-06-01,2026-09-18,85
WE10476,Finance & Controlling,Edinburgh,Speak Up / whistleblowing,2026-06-01,2026-07-24,100
WE10479,Community Engagement,Edinburgh,Data protection basics,2026-06-01,,
WE10482,Marketing & Communications,Edinburgh,Sanctions & export control,2026-06-01,2026-09-11,100
WE10485,Projects,Copenhagen,Speak Up / whistleblowing,2026-06-01,2026-06-24,90
WE10488,Engineering,Edinburgh,Sanctions & export control,2026-06-01,2026-06-10,90
WE10491,Finance & Controlling,Edinburgh,Data protection basics,2026-06-01,2026-08-09,80
WE10494,Procurement & Supply Chain,Edinburgh,Data protection basics,2026-06-01,2026-07-23,85
WE10497,Grid & Permits,Edinburgh,Speak Up / whistleblowing,2026-06-01,2026-06-18,100
WE10500,Community Engagement,Edinburgh,Speak Up / whistleblowing,2026-06-01,2026-06-08,85
WE10503,Asset Operations,Hamburg,Speak Up / whistleblowing,2026-06-01,,
WE10506,HR & People,Hamburg,Sanctions & export control,2026-06-01,2026-06-03,100
WE10509,Engineering,Hamburg,Sanctions & export control,2026-06-01,2026-09-13,100
WE10512,HR & People,Hamburg,Speak Up / whistleblowing,2026-06-01,2026-09-26,90
WE10515,Finance & Controlling,Hamburg,Sanctions & export control,2026-06-01,2026-08-01,100
WE10518,Finance & Controlling,Hamburg,Sanctions & export control,2026-06-01,2026-06-28,90
WE10521,Engineering,Edinburgh,Speak Up / whistleblowing,2026-06-01,2026-06-02,100
WE10524,Asset Operations,Edinburgh,Sanctions & export control,2026-06-01,2026-08-12,100
WE10527,Grid & Permits,Edinburgh,Sanctions & export control,2026-06-01,2026-09-14,95
WE10530,IT & Security,Hamburg,Anti-bribery 2026,2026-06-01,2026-06-15,85
WE10533,Asset Operations,Hamburg,Speak Up / whistleblowing,2026-06-01,2026-06-04,90
WE10536,Engineering,Copenhagen,Anti-bribery 2026,2026-06-01,2026-08-23,80
WE10539,Asset Operations,Hamburg,Data protection basics,2026-06-01,2026-07-08,85
WE10542,HR & People,Hamburg,Sanctions & export control,2026-06-01,2026-08-18,95
WE10545,Legal & Contracts,Edinburgh,Data protection basics,2026-06-01,2026-06-23,100
WE10548,HR & People,Edinburgh,Anti-bribery 2026,2026-06-01,2026-08-15,100
WE10551,HR & People,Edinburgh,Data protection basics,2026-06-01,,
WE10554,Procurement & Supply Chain,Edinburgh,Data protection basics,2026-06-01,2026-07-06,95
WE10557,Engineering,Edinburgh,Sanctions & export control,2026-06-01,2026-07-13,80
WE10560,Engineering,Edinburgh,Speak Up / whistleblowing,2026-06-01,2026-07-12,90
WE10563,Marketing & Communications,Copenhagen,Speak Up / whistleblowing,2026-06-01,,
WE10566,Engineering,Edinburgh,Anti-bribery 2026,2026-06-01,2026-09-08,100
WE10569,Engineering,Hamburg,Data protection basics,2026-06-01,2026-07-13,90
WE10572,Finance & Controlling,Copenhagen,Data protection basics,2026-06-01,2026-06-14,80
WE10575,Asset Operations,Hamburg,Sanctions & export control,2026-06-01,2026-08-06,85
WE10578,Projects,Edinburgh,Anti-bribery 2026,2026-06-01,2026-07-12,90
WE10581,Legal & Contracts,Edinburgh,Speak Up / whistleblowing,2026-06-01,2026-06-06,90
WE10584,Legal & Contracts,Edinburgh,Anti-bribery 2026,2026-06-01,2026-07-20,95
WE10587,Procurement & Supply Chain,Hamburg,Data protection basics,2026-06-01,2026-08-11,95
