Respondent,Group,Country,Climate,Marine biodiversity,Land biodiversity,Health & safety,Community acceptance,Talent,Ethics,Free text
R001,Employee,UK,5,4,3,5,5,3,4,Bubble curtains – great
R002,Employee,DK,4,5,2,5,4,4,3,Please report on blade recycling
R003,Employee,UK,4,3,2,5,4,3,3,Good to see transparency on the cable delay
R004,Employee,UK,5,4,2,4,5,2,4,Community fund should be bigger
R005,Employee,DE,5,5,3,5,5,3,4,Please report on blade recycling
R006,Employee,DE,5,4,4,5,4,2,3,Community fund should be bigger
R007,Employee,DE,4,4,4,5,3,3,4,Community fund should be bigger
R008,Employee,UK,5,4,4,5,3,3,3,
R009,Employee,UK,5,3,3,4,3,2,3,
R010,Employee,UK,5,4,2,5,3,3,3,
R011,Employee,DE,5,4,2,5,5,2,3,Safety offshore first
R012,Employee,DE,5,4,4,5,4,3,3,Bubble curtains – great
R013,Employee,DK,5,3,3,5,4,3,2,Good to see transparency on the cable delay
R014,Employee,UK,5,4,3,5,5,4,3,Community fund should be bigger
R015,Employee,DE,5,4,2,4,3,3,3,Bubble curtains – great
R016,Employee,UK,5,3,4,5,4,4,4,Bubble curtains – great
R017,Employee,UK,5,4,3,4,4,4,3,Bubble curtains – great
R018,Employee,DE,5,5,3,4,5,3,3,Show supplier emissions
R019,Employee,UK,4,3,3,5,5,4,2,Bubble curtains – great
R020,Employee,DK,5,3,4,5,3,3,3,Good to see transparency on the cable delay
R021,Employee,DE,4,3,4,5,5,4,3,More info about Millbrook traffic
R022,Employee,DK,5,4,3,4,4,2,2,Community fund should be bigger
R023,Employee,DK,4,3,3,5,3,3,3,Safety offshore first
R024,Employee,DK,4,4,4,5,3,3,3,Community fund should be bigger
R025,Employee,DE,5,3,2,5,4,4,3,
R026,Employee,DK,5,3,3,5,4,2,3,More info about Millbrook traffic
R027,Employee,UK,5,3,2,5,5,2,4,
R028,Employee,DK,5,3,2,5,4,3,2,Safety offshore first
R029,Employee,UK,5,4,2,5,4,3,4,Safety offshore first
R030,Employee,DK,5,4,2,4,3,3,3,
R031,Employee,UK,5,5,3,5,5,3,3,
R032,Employee,UK,5,3,3,5,3,3,4,Community fund should be bigger
R033,Employee,DK,4,4,3,5,3,4,3,
R034,Employee,UK,4,5,3,5,5,3,2,Safety offshore first
R035,Employee,UK,5,3,3,5,4,2,2,
R036,Employee,DK,5,4,2,5,5,3,4,More info about Millbrook traffic
R037,Employee,UK,4,5,3,5,4,3,3,Good to see transparency on the cable delay
R038,Employee,UK,5,4,3,5,3,3,3,Good to see transparency on the cable delay
R039,Employee,UK,4,5,3,4,5,2,3,
R040,Employee,UK,5,4,3,5,4,3,3,Community fund should be bigger
R041,Employee,UK,5,5,4,5,4,4,4,Please report on blade recycling
R042,Employee,UK,5,4,2,4,5,4,3,Community fund should be bigger
R043,Employee,DK,5,3,2,5,5,4,2,Please report on blade recycling
R044,Employee,UK,5,3,3,5,3,4,3,Safety offshore first
R045,Employee,DK,5,4,3,4,5,3,3,Show supplier emissions
R046,Employee,UK,4,4,4,5,3,2,2,Bubble curtains – great
R047,Employee,UK,5,3,4,4,4,3,3,
R048,Employee,UK,5,3,4,5,4,2,2,Community fund should be bigger
R049,Employee,DE,5,4,3,4,3,3,2,Good to see transparency on the cable delay
R050,Employee,UK,5,5,3,5,4,2,3,Bubble curtains – great
R051,Employee,DK,5,5,4,5,3,3,3,
R052,Employee,DE,4,4,4,5,4,2,4,
R053,Employee,DK,4,4,4,4,4,4,3,Good to see transparency on the cable delay
R054,Employee,UK,5,4,4,5,4,2,3,Please report on blade recycling
R055,Employee,UK,5,4,3,5,3,3,4,Community fund should be bigger
R056,Employee,UK,4,4,3,5,5,3,3,Bubble curtains – great
R057,Employee,UK,5,5,3,5,3,2,2,
R058,Employee,DE,5,3,3,4,3,3,3,Please report on blade recycling
R059,Employee,UK,5,3,3,5,3,3,3,
R060,Employee,DK,5,4,4,4,4,3,3,
R061,Employee,DE,5,4,3,4,4,4,3,Community fund should be bigger
R062,Employee,DK,5,4,2,5,3,4,3,
R063,Employee,UK,4,4,3,4,4,3,3,
R064,Employee,DK,4,4,4,4,4,3,3,
R065,Employee,DK,5,3,3,5,3,2,2,Good to see transparency on the cable delay
R066,Employee,DK,5,3,3,5,4,4,3,Safety offshore first
R067,Employee,DE,5,5,4,5,5,2,3,Bubble curtains – great
R068,Employee,UK,5,4,3,4,4,3,3,Show supplier emissions
R069,Employee,UK,4,3,2,5,5,3,3,Community fund should be bigger
R070,Employee,UK,5,5,4,5,3,3,3,Bubble curtains – great
R071,Employee,UK,4,5,3,4,3,3,3,Community fund should be bigger
R072,Employee,UK,4,4,2,5,3,4,3,Good to see transparency on the cable delay
R073,Employee,DE,5,4,3,5,4,2,2,Bubble curtains – great
R074,Employee,DE,4,5,3,5,5,3,3,Please report on blade recycling
R075,Employee,UK,5,4,2,5,4,4,2,Please report on blade recycling
R076,Employee,DE,5,5,3,5,5,3,3,Please report on blade recycling
R077,Employee,DE,5,5,3,4,4,2,3,Please report on blade recycling
R078,Employee,DE,5,3,2,5,3,3,2,Safety offshore first
R079,Employee,DK,4,4,3,4,3,3,4,
R080,Employee,DK,5,5,2,5,5,3,2,Safety offshore first
R081,Employee,DE,5,4,4,4,4,3,3,Community fund should be bigger
R082,Employee,UK,5,4,2,5,4,2,4,
R083,Employee,DE,5,4,3,5,5,3,3,
R084,Employee,UK,4,3,3,5,5,2,4,Good to see transparency on the cable delay
R085,Employee,DK,5,4,3,5,4,2,4,
R086,Employee,UK,5,5,3,5,5,4,3,Bubble curtains – great
R087,Employee,UK,5,4,3,5,5,4,2,
R088,Employee,UK,5,4,4,5,4,4,3,More info about Millbrook traffic
R089,Employee,UK,5,3,2,5,4,2,3,
R090,Employee,DK,5,4,4,5,4,2,3,
R091,Employee,DE,5,5,3,5,5,4,4,More info about Millbrook traffic
R092,Employee,UK,5,4,4,5,5,3,4,Show supplier emissions
R093,Employee,UK,4,4,2,5,3,2,3,
R094,Employee,UK,5,4,3,5,3,3,3,Bubble curtains – great
R095,Employee,DK,5,3,4,5,5,2,2,
R096,Employee,UK,5,4,4,5,3,2,3,Please report on blade recycling
R097,Employee,UK,5,4,3,5,4,3,2,Good to see transparency on the cable delay
R098,Employee,UK,5,3,2,5,4,3,4,
R099,Employee,DK,5,3,2,5,4,2,2,More info about Millbrook traffic
R100,Employee,UK,4,4,3,5,5,4,2,Bubble curtains – great
R101,Employee,UK,5,4,3,4,5,3,3,
R102,Employee,UK,4,5,3,4,5,2,4,Good to see transparency on the cable delay
R103,Employee,DK,4,5,3,4,3,3,2,Safety offshore first
R104,Employee,UK,5,4,3,5,3,3,3,More info about Millbrook traffic
R105,Employee,UK,5,5,3,5,3,3,3,Show supplier emissions
R106,Employee,DE,5,5,3,5,4,3,3,Bubble curtains – great
R107,Employee,DK,4,4,3,5,3,3,3,Community fund should be bigger
R108,Employee,DE,4,4,3,5,4,3,4,Show supplier emissions
R109,Employee,UK,5,4,3,5,3,3,2,More info about Millbrook traffic
R110,Employee,UK,5,5,3,5,4,3,4,More info about Millbrook traffic
R111,Employee,UK,5,3,3,5,5,3,4,More info about Millbrook traffic
R112,Employee,UK,5,5,3,5,5,2,3,Good to see transparency on the cable delay
R113,Employee,UK,4,3,4,5,4,3,3,Safety offshore first
R114,Employee,DK,5,4,2,5,4,3,4,Please report on blade recycling
R115,Employee,DE,5,3,3,5,4,4,4,
R116,Employee,UK,5,3,3,5,5,2,3,
R117,Employee,DK,4,4,4,4,3,3,2,
R118,Employee,UK,5,4,4,5,4,2,4,Please report on blade recycling
R119,Employee,UK,4,4,3,5,4,2,3,Please report on blade recycling
R120,Employee,DK,5,5,2,5,5,3,3,
R121,Employee,UK,5,5,4,4,4,4,2,Bubble curtains – great
R122,Employee,DK,5,5,4,5,3,3,4,More info about Millbrook traffic
R123,Employee,UK,4,4,4,4,3,3,3,Bubble curtains – great
R124,Employee,DK,4,4,3,5,4,3,3,Safety offshore first
R125,Employee,UK,5,5,3,5,4,3,4,Bubble curtains – great
R126,Employee,UK,4,3,2,5,4,3,3,
R127,Employee,DK,5,4,4,5,3,3,2,Show supplier emissions
R128,Employee,UK,5,3,4,5,4,2,3,Community fund should be bigger
R129,Employee,UK,5,5,2,5,3,3,3,Show supplier emissions
R130,Employee,UK,5,4,3,5,4,4,3,Show supplier emissions
R131,Employee,UK,5,4,4,5,3,4,2,Community fund should be bigger
R132,Employee,UK,5,4,3,5,4,3,4,More info about Millbrook traffic
R133,Employee,DE,5,4,2,5,3,3,3,Good to see transparency on the cable delay
R134,Employee,UK,4,4,3,5,5,3,3,
R135,Employee,UK,4,4,4,5,5,3,2,Please report on blade recycling
R136,Employee,DK,5,4,2,5,4,4,3,
R137,Employee,UK,4,3,4,5,3,3,2,Safety offshore first
R138,Employee,UK,5,4,3,4,4,3,4,Good to see transparency on the cable delay
R139,Employee,UK,4,3,3,5,5,2,3,
R140,Employee,DK,5,4,4,5,4,4,2,
R141,Employee,UK,5,3,3,5,3,3,2,
R142,Neighbour,DE,5,4,3,3,5,4,3,
R143,Neighbour,DE,4,5,4,4,4,4,2,Please report on blade recycling
R144,Neighbour,DK,5,4,3,4,5,3,2,Safety offshore first
R145,Neighbour,UK,4,3,3,4,5,3,4,Show supplier emissions
R146,Neighbour,DE,5,4,3,4,4,4,2,More info about Millbrook traffic
R147,Neighbour,DE,5,3,3,4,5,4,3,More info about Millbrook traffic
R148,Neighbour,DE,5,4,4,3,5,3,3,Please report on blade recycling
R149,Neighbour,DK,5,5,3,4,5,3,3,Good to see transparency on the cable delay
R150,Neighbour,UK,4,4,4,4,4,4,2,
R151,Neighbour,UK,4,5,4,4,4,2,4,Bubble curtains – great
R152,Neighbour,UK,5,4,3,4,5,4,3,Bubble curtains – great
R153,Neighbour,UK,5,4,3,4,5,4,3,
R154,Neighbour,DE,5,4,2,4,5,3,4,Good to see transparency on the cable delay
R155,Neighbour,DE,5,4,3,5,5,3,3,
R156,Neighbour,UK,4,4,4,5,5,3,3,Show supplier emissions
R157,Neighbour,UK,4,5,2,5,5,4,3,Safety offshore first
R158,Neighbour,DK,5,5,3,4,5,4,2,Community fund should be bigger
R159,Neighbour,UK,5,3,2,4,5,3,3,Show supplier emissions
R160,Neighbour,UK,5,5,4,4,5,4,3,Show supplier emissions
R161,Neighbour,DE,4,4,3,5,4,2,3,Show supplier emissions
R162,Neighbour,UK,5,4,3,4,5,4,2,More info about Millbrook traffic
R163,Neighbour,UK,5,4,4,5,5,4,2,Bubble curtains – great
R164,Neighbour,UK,4,4,3,5,4,3,3,
R165,Neighbour,UK,5,3,2,4,5,2,2,Good to see transparency on the cable delay
R166,Neighbour,DK,5,4,4,4,5,2,4,More info about Millbrook traffic
R167,Neighbour,UK,5,4,3,5,5,3,3,Good to see transparency on the cable delay
R168,Neighbour,UK,5,5,3,4,5,4,2,Please report on blade recycling
R169,Neighbour,DK,5,4,3,4,5,2,3,Safety offshore first
R170,Neighbour,DK,4,4,4,4,4,3,3,
R171,Neighbour,UK,5,4,3,5,5,3,3,
R172,Neighbour,UK,5,5,3,5,5,3,2,
R173,Neighbour,DE,5,5,3,3,4,2,2,Community fund should be bigger
R174,Neighbour,DK,4,3,2,4,5,3,3,More info about Millbrook traffic
R175,Neighbour,UK,5,4,2,5,5,2,2,
R176,Neighbour,UK,4,4,3,3,5,3,4,Community fund should be bigger
R177,Neighbour,UK,5,3,3,4,5,3,4,
R178,Neighbour,UK,5,4,3,3,4,3,3,More info about Millbrook traffic
R179,Neighbour,DK,5,4,3,4,5,4,3,Safety offshore first
R180,Neighbour,UK,5,5,3,5,5,2,4,Community fund should be bigger
R181,Neighbour,UK,4,4,3,3,5,2,3,More info about Millbrook traffic
R182,Neighbour,UK,5,4,2,4,5,4,2,
R183,Neighbour,UK,5,4,2,5,5,3,2,Show supplier emissions
R184,Neighbour,UK,5,4,3,3,4,2,3,Community fund should be bigger
R185,Neighbour,UK,4,4,2,4,5,2,3,Good to see transparency on the cable delay
R186,Neighbour,UK,4,4,3,3,5,3,3,
R187,Neighbour,UK,5,4,4,4,4,4,3,Bubble curtains – great
R188,Neighbour,DE,5,5,2,4,5,3,3,More info about Millbrook traffic
R189,Neighbour,DE,5,4,3,3,5,3,4,Good to see transparency on the cable delay
R190,Neighbour,DE,4,4,2,4,5,4,2,Community fund should be bigger
R191,Neighbour,UK,5,4,3,4,4,3,3,More info about Millbrook traffic
R192,Neighbour,DK,4,4,4,4,4,4,3,Please report on blade recycling
R193,Neighbour,DK,5,3,2,4,5,2,3,Show supplier emissions
R194,Neighbour,DE,5,5,4,4,4,4,2,Community fund should be bigger
R195,Neighbour,DK,5,4,2,4,4,4,3,
R196,Neighbour,UK,5,3,2,4,5,4,4,Bubble curtains – great
R197,Neighbour,UK,5,5,3,3,5,2,4,
R198,Neighbour,UK,4,4,4,5,5,3,3,
R199,Neighbour,UK,5,5,4,4,5,3,2,
R200,Neighbour,DK,5,4,3,4,5,3,3,Please report on blade recycling
R201,Neighbour,DE,5,3,2,3,5,3,4,
R202,Neighbour,UK,5,3,4,5,5,2,4,Show supplier emissions
R203,Neighbour,UK,5,4,3,4,5,2,3,
R204,Neighbour,DE,4,5,4,3,5,3,4,More info about Millbrook traffic
R205,Neighbour,DK,5,3,2,4,4,3,4,
R206,Neighbour,DK,5,5,4,5,5,2,3,Community fund should be bigger
R207,Neighbour,UK,5,4,3,4,5,3,4,Good to see transparency on the cable delay
R208,Neighbour,DK,5,5,2,5,5,4,2,Bubble curtains – great
R209,Neighbour,UK,5,3,3,5,5,4,2,Bubble curtains – great
R210,Neighbour,DK,4,4,3,5,5,3,2,
R211,Neighbour,UK,5,3,4,4,5,2,3,
R212,Neighbour,UK,5,4,3,4,5,3,2,
R213,Neighbour,UK,4,4,4,4,5,2,3,Community fund should be bigger
R214,Neighbour,UK,5,3,2,5,5,3,3,Safety offshore first
R215,Neighbour,UK,5,4,4,3,5,2,3,
R216,Neighbour,DE,5,4,3,5,5,2,4,
R217,Neighbour,UK,5,4,3,4,5,2,3,Community fund should be bigger
R218,Neighbour,DK,5,4,2,4,5,3,3,Please report on blade recycling
R219,Neighbour,UK,4,5,4,4,5,2,3,
R220,Neighbour,UK,5,4,3,4,5,3,2,Please report on blade recycling
R221,Neighbour,UK,4,4,4,4,5,3,3,Please report on blade recycling
R222,Neighbour,UK,4,4,2,3,5,4,3,
R223,Neighbour,DK,5,3,3,4,5,2,4,
R224,Neighbour,UK,4,4,3,4,4,3,3,
R225,Neighbour,DK,5,4,3,3,5,2,2,Good to see transparency on the cable delay
R226,Neighbour,UK,5,3,4,5,5,4,3,
R227,Neighbour,DK,5,4,3,4,5,2,3,Bubble curtains – great
R228,Neighbour,UK,5,5,3,3,5,3,2,
R229,Neighbour,DE,4,4,2,4,5,2,2,
R230,Supplier,DK,5,4,2,5,4,4,3,More info about Millbrook traffic
R231,Supplier,UK,5,5,3,4,3,3,2,Safety offshore first
R232,Supplier,UK,5,3,3,4,4,3,3,Show supplier emissions
R233,Supplier,UK,5,4,3,4,4,2,4,
R234,Supplier,DE,5,3,3,4,4,2,4,Show supplier emissions
R235,Supplier,UK,5,5,3,5,3,3,4,Bubble curtains – great
R236,Supplier,DE,5,5,4,4,3,3,2,More info about Millbrook traffic
R237,Supplier,UK,5,4,4,5,5,3,2,Please report on blade recycling
R238,Supplier,UK,5,3,3,3,4,3,3,Good to see transparency on the cable delay
R239,Supplier,UK,5,4,3,3,4,4,3,Safety offshore first
R240,Supplier,UK,5,4,4,4,5,2,3,Community fund should be bigger
R241,Supplier,DE,4,4,3,3,5,4,2,Show supplier emissions
R242,Supplier,UK,4,3,2,3,5,2,4,More info about Millbrook traffic
R243,Supplier,UK,5,5,3,4,4,4,3,
R244,Supplier,UK,5,4,4,3,4,2,3,Community fund should be bigger
R245,Supplier,UK,5,3,2,3,4,3,3,
R246,Supplier,DK,5,3,3,3,5,3,3,
R247,Supplier,UK,4,3,3,4,5,3,3,Bubble curtains – great
R248,Supplier,UK,5,4,3,5,4,4,4,Bubble curtains – great
R249,Supplier,DE,5,4,2,5,4,3,3,Show supplier emissions
R250,Supplier,DK,5,4,3,3,3,4,4,Bubble curtains – great
R251,Supplier,DE,4,4,3,4,3,3,3,Please report on blade recycling
R252,Supplier,DK,5,4,2,3,4,2,2,
R253,Supplier,DE,4,4,2,4,5,4,3,Please report on blade recycling
R254,Supplier,DK,5,5,3,5,4,2,3,Bubble curtains – great
R255,Supplier,DE,5,4,3,3,5,3,3,Show supplier emissions
R256,Supplier,DK,4,4,4,4,5,4,2,
R257,Supplier,DE,4,5,4,4,4,2,4,
R258,Supplier,DK,5,4,2,3,5,3,3,Safety offshore first
R259,Supplier,DE,5,4,2,3,4,4,3,Show supplier emissions
R260,Supplier,UK,4,4,3,4,4,3,3,More info about Millbrook traffic
R261,Supplier,UK,4,5,2,5,3,3,3,Show supplier emissions
R262,Supplier,DK,5,5,2,5,5,2,3,
R263,Supplier,UK,4,5,3,4,4,3,3,
R264,Supplier,UK,5,4,2,5,5,3,3,
R265,Supplier,DE,5,3,2,4,5,2,4,
R266,Supplier,UK,5,3,2,4,5,3,4,Safety offshore first
R267,Lender/investor,DE,5,3,3,3,3,3,4,Please report on blade recycling
R268,Lender/investor,DE,5,4,3,5,3,3,2,Show supplier emissions
R269,Lender/investor,UK,5,4,4,5,4,3,3,Show supplier emissions
R270,Lender/investor,DE,4,4,3,4,4,3,4,
R271,Lender/investor,UK,5,4,3,4,3,3,2,Safety offshore first
R272,Lender/investor,DE,5,4,3,3,4,3,2,Bubble curtains – great
R273,Lender/investor,UK,5,5,3,3,4,3,4,Safety offshore first
R274,Lender/investor,UK,5,4,3,5,3,3,2,
R275,Lender/investor,DK,5,3,4,4,4,4,3,Bubble curtains – great
R276,Lender/investor,UK,5,3,2,3,4,4,3,Please report on blade recycling
R277,Lender/investor,UK,4,5,2,4,3,3,4,More info about Millbrook traffic
R278,Lender/investor,DE,5,3,2,3,4,4,3,Community fund should be bigger
R279,Lender/investor,DE,5,5,4,4,3,3,3,
R280,Lender/investor,UK,5,5,3,4,3,3,4,
R281,Lender/investor,DK,5,5,3,4,3,4,2,Community fund should be bigger
R282,Lender/investor,UK,4,4,2,3,4,4,3,Show supplier emissions
R283,Lender/investor,DK,5,4,2,3,4,2,2,
R284,Lender/investor,UK,5,3,2,4,5,3,3,Please report on blade recycling
R285,Lender/investor,DE,5,5,3,5,3,3,4,
R286,NGO/authority,UK,5,5,2,4,4,3,3,Bubble curtains – great
R287,NGO/authority,UK,5,5,3,5,5,2,3,Community fund should be bigger
R288,NGO/authority,UK,5,5,3,4,3,3,4,Bubble curtains – great
R289,NGO/authority,DK,5,5,4,3,4,3,3,Show supplier emissions
R290,NGO/authority,DE,5,5,4,4,3,3,3,Please report on blade recycling
R291,NGO/authority,DE,5,5,3,4,4,2,2,Good to see transparency on the cable delay
R292,NGO/authority,DK,4,5,3,4,4,3,3,Please report on blade recycling
R293,NGO/authority,DE,4,5,3,4,5,3,4,Safety offshore first
R294,NGO/authority,UK,5,4,3,5,4,2,3,Community fund should be bigger
R295,NGO/authority,DE,5,4,4,3,5,3,3,Please report on blade recycling
R296,NGO/authority,DK,4,5,2,3,5,2,3,Please report on blade recycling
R297,NGO/authority,UK,5,5,4,3,5,3,3,
R298,NGO/authority,UK,5,5,4,5,4,4,2,Safety offshore first
R299,NGO/authority,UK,5,4,4,4,4,3,3,
R300,NGO/authority,UK,5,5,3,4,4,2,3,More info about Millbrook traffic
R301,NGO/authority,UK,5,5,2,5,4,2,4,Safety offshore first
R302,NGO/authority,DK,5,5,3,4,3,3,2,Community fund should be bigger
R303,NGO/authority,UK,5,5,3,3,5,4,4,Please report on blade recycling
R304,NGO/authority,UK,5,5,2,4,4,2,3,
R305,NGO/authority,DE,5,5,3,3,4,4,3,Community fund should be bigger
R306,NGO/authority,UK,4,5,2,4,4,3,3,
R307,NGO/authority,DE,5,5,3,3,5,3,4,Safety offshore first
R308,NGO/authority,DK,5,5,3,3,4,3,4,Community fund should be bigger
R309,NGO/authority,UK,5,5,3,5,3,3,4,Good to see transparency on the cable delay
R310,NGO/authority,UK,5,5,4,5,4,3,3,
R311,NGO/authority,DE,5,5,4,5,5,2,3,Safety offshore first
R312,NGO/authority,DE,5,5,3,3,4,2,4,
