Keyword,Position,Change,Monthly searches,URL
weyland renewables,11,1,320,/projects/weyland
harrow bay wind farm,10,4,320,/projects/harrow
harrow bay offshore wind,7,3,140,/projects/harrow
kestrel ridge wind farm,14,9,1300,/projects/kestrel
millbrook solar farm,17,-3,320,/projects/millbrook
millbrook solar planning,10,3,720,/projects/millbrook
offshore wind jobs hamburg,28,-2,1300,/careers
offshore wind jobs edinburgh,18,6,90,/careers
arcturus steel ppa,18,1,1300,/projects/arcturus
green steel offshore wind,15,-1,210,/projects/green
wind turbine technician scotland,16,-3,90,/projects/wind
battery storage fenwick,6,6,320,/projects/battery
renewable energy careers copenhagen,25,-3,140,/projects/renewable
monopile installation,1,9,210,/projects/monopile
community benefit fund wind farm,20,1,140,/projects/community
