Response ID,Day,Visitor type,How did you hear about our stand?,Rating stand (1–5),Rating conversation (1–5),Comment
1,Wed,Investor,Colleague,5,5,Very open about Harrow Bay
2,Thu,Investor,Keynote,5,4,Coffee queue too long
3,Tue,Investor,Turbine model,5,5,
4,Wed,Student,Keynote,5,4,Very open about Harrow Bay
5,Wed,Job seeker,Colleague,4,5,Very open about Harrow Bay
6,Wed,Supplier,LinkedIn,5,4,
7,Tue,Job seeker,Colleague,3,4,
8,Wed,Supplier,Colleague,5,4,
9,Wed,Public sector,Turbine model,4,4,
10,Wed,Industry,Colleague,4,4,
11,Tue,Industry,Invitation e-mail,3,5,
12,Thu,Industry,Walked past,5,5,Coffee queue too long
13,Wed,Student,Turbine model,5,5,Coffee queue too long
14,Thu,Supplier,LinkedIn,5,5,More on hydrogen please
15,Tue,Student,LinkedIn,5,5,Very open about Harrow Bay
16,Thu,Student,Walked past,5,4,Couldn't find meeting room
17,Tue,Student,LinkedIn,3,4,
18,Wed,Public sector,Turbine model,4,4,
19,Tue,Public sector,Walked past,5,5,
20,Wed,Supplier,Invitation e-mail,3,4,
21,Thu,Student,Invitation e-mail,5,5,
22,Wed,Job seeker,Keynote,3,5,Couldn't find meeting room
23,Tue,Job seeker,Colleague,5,4,Couldn't find meeting room
24,Wed,Public sector,Turbine model,5,4,Good careers info
25,Wed,Supplier,Turbine model,4,5,Good careers info
26,Thu,Supplier,Walked past,5,4,
27,Thu,Public sector,Invitation e-mail,4,4,More on hydrogen please
28,Wed,Supplier,LinkedIn,3,4,Couldn't find meeting room
29,Wed,Industry,LinkedIn,5,5,Coffee queue too long
30,Wed,Supplier,Walked past,5,4,Good careers info
31,Thu,Industry,Keynote,4,5,Coffee queue too long
32,Wed,Public sector,Colleague,5,5,Very open about Harrow Bay
33,Wed,Public sector,Walked past,5,5,Good careers info
34,Wed,Public sector,Keynote,4,4,Couldn't find meeting room
35,Thu,Investor,Invitation e-mail,5,4,Great model!
36,Wed,Supplier,Keynote,5,5,
37,Thu,Student,Turbine model,5,4,Good careers info
38,Wed,Investor,Walked past,5,5,Very open about Harrow Bay
39,Thu,Supplier,Turbine model,4,5,Coffee queue too long
40,Tue,Job seeker,Walked past,5,5,Good careers info
41,Wed,Student,Invitation e-mail,4,5,Good careers info
42,Wed,Investor,Walked past,4,5,Coffee queue too long
43,Wed,Investor,Keynote,3,4,Couldn't find meeting room
44,Wed,Supplier,Keynote,5,5,
45,Wed,Job seeker,Invitation e-mail,4,5,Coffee queue too long
46,Tue,Investor,LinkedIn,3,5,Good careers info
47,Wed,Investor,Colleague,4,4,
48,Thu,Job seeker,LinkedIn,4,5,Very open about Harrow Bay
49,Wed,Job seeker,Turbine model,5,5,
50,Wed,Public sector,Keynote,4,5,Great model!
51,Wed,Job seeker,Invitation e-mail,4,5,
52,Wed,Public sector,Invitation e-mail,4,5,
53,Tue,Student,Colleague,3,5,
54,Wed,Student,Walked past,4,5,Great model!
55,Wed,Industry,Walked past,5,5,
56,Thu,Student,Turbine model,5,5,
57,Thu,Job seeker,Keynote,4,4,More on hydrogen please
58,Thu,Job seeker,Keynote,4,4,Great model!
59,Wed,Investor,Turbine model,5,4,Great model!
60,Tue,Job seeker,Keynote,3,5,
61,Thu,Job seeker,Walked past,4,5,Very open about Harrow Bay
62,Wed,Public sector,Colleague,4,5,Coffee queue too long
63,Wed,Supplier,Keynote,5,5,Good careers info
64,Wed,Supplier,Invitation e-mail,5,5,
