date,T-01_mwh,T-02_mwh,T-03_mwh,T-04_mwh,T-05_mwh,T-06_mwh,T-07_mwh,T-08_mwh,T-09_mwh,T-10_mwh,T-11_mwh,T-12_mwh,T-13_mwh,T-14_mwh,T-15_mwh,T-16_mwh,T-17_mwh,T-18_mwh,site_total_mwh,site_mean_wind_ms
2026-09-01,3.9,3.6,3.5,3.4,3.9,3.4,3.5,3.8,3.9,4.0,3.5,4.0,4.1,3.7,3.6,3.6,3.7,3.4,66.3,4.4
2026-09-02,5.9,6.0,6.0,5.8,6.0,6.6,5.7,6.0,5.5,5.7,5.6,5.7,6.1,5.5,5.9,6.6,6.3,6.2,107.2,6.0
2026-09-03,25.5,21.8,22.2,22.4,24.2,23.0,25.7,22.5,22.9,24.7,22.1,25.6,22.3,21.6,22.6,23.9,23.6,25.3,421.8,8.5
2026-09-04,50.0,54.0,56.8,48.1,52.4,53.6,48.6,53.3,50.9,49.9,57.4,54.1,52.2,52.7,56.7,54.7,55.2,51.2,951.8,10.8
2026-09-05,22.9,25.4,25.2,24.3,24.4,23.9,24.1,24.0,24.1,24.0,26.6,25.9,23.7,25.7,23.4,25.7,26.5,23.3,443.0,8.6
2026-09-06,10.1,10.0,10.1,9.4,9.5,10.7,9.2,9.3,9.0,9.1,10.5,10.1,9.2,10.4,9.1,9.8,9.9,10.4,175.9,6.7
2026-09-07,7.8,6.9,7.7,7.5,7.6,7.0,7.4,7.1,6.6,7.7,6.9,6.9,7.4,7.6,7.2,7.6,7.1,6.6,130.5,6.3
2026-09-08,72.1,72.6,64.8,63.9,76.6,70.3,76.5,76.3,71.7,68.2,74.7,72.6,68.1,64.8,64.9,77.1,75.2,68.5,1278.9,11.9
2026-09-09,78.0,76.0,77.1,90.0,76.7,79.6,78.1,86.3,82.4,78.4,89.7,88.4,83.1,86.1,84.4,87.1,85.0,85.7,1492.0,12.5
2026-09-10,37.9,35.4,39.8,37.2,38.3,35.2,38.2,40.6,40.3,40.3,36.9,38.2,39.5,34.7,36.6,38.8,40.2,35.2,683.3,9.7
2026-09-11,24.0,21.9,25.4,26.5,25.0,24.5,24.3,22.1,23.0,25.5,25.2,21.8,23.4,21.9,25.0,22.7,24.3,22.4,428.6,8.5
2026-09-12,12.5,12.2,13.0,13.3,14.1,13.9,13.4,14.0,12.5,13.6,12.1,13.3,13.6,14.2,13.5,12.8,12.7,13.9,238.6,7.3
2026-09-13,77.3,72.9,75.3,82.2,74.8,71.3,67.8,72.3,79.3,73.4,73.1,79.2,82.3,78.1,80.5,73.0,77.2,69.7,1359.5,12.1
2026-09-14,3.5,3.5,3.5,3.6,3.7,3.9,3.6,3.5,3.6,4.0,3.6,3.5,3.9,3.4,3.7,3.6,4.1,4.0,66.3,3.4
2026-09-15,4.6,4.9,4.6,4.2,5.1,4.5,4.3,4.5,4.6,4.5,4.7,1.4,4.5,5.0,4.4,4.4,4.4,4.2,78.8,5.6
2026-09-16,40.3,43.4,37.4,40.4,38.5,43.2,37.6,39.5,42.4,42.5,43.4,11.6,39.1,42.1,38.4,37.7,43.8,36.5,697.9,9.8
2026-09-17,14.5,15.3,14.4,14.4,13.0,14.5,13.2,13.5,15.0,15.5,13.3,13.6,13.1,14.3,15.0,13.4,14.3,14.7,255.2,7.4
2026-09-18,10.7,11.0,11.3,11.2,10.4,11.3,11.2,11.9,12.0,12.3,11.6,11.7,10.2,12.4,11.3,10.4,11.5,11.4,203.8,7.0
2026-09-19,6.1,7.1,6.4,7.2,7.1,6.2,6.3,6.5,6.8,7.2,6.2,6.6,6.0,6.8,7.2,6.6,6.4,6.4,119.2,6.2
2026-09-20,69.0,70.9,75.7,73.2,65.2,64.6,75.0,72.0,64.1,70.4,71.7,70.4,67.4,66.3,71.1,71.4,76.1,72.0,1266.3,11.8
2026-09-21,27.0,24.2,24.0,24.0,26.8,23.9,26.4,26.1,26.6,22.3,25.3,24.1,24.7,22.9,24.4,24.7,23.1,26.9,447.4,8.6
2026-09-22,33.7,36.9,33.6,37.4,37.0,32.7,9.9,38.9,36.0,35.6,33.4,34.5,35.8,37.9,36.5,38.6,32.8,37.7,618.9,9.5
2026-09-23,25.6,22.6,22.7,23.3,25.3,26.8,7.6,22.9,22.8,27.0,26.5,23.1,24.9,23.6,22.9,23.8,26.0,27.0,424.3,8.5
2026-09-24,30.2,31.9,34.8,35.5,33.9,32.5,35.8,30.8,32.8,31.5,31.6,31.2,35.5,34.4,35.6,34.9,32.5,31.3,596.5,9.4
2026-09-25,3.4,3.7,3.9,3.4,3.7,3.4,3.6,3.7,3.4,4.1,3.9,3.6,3.8,3.9,3.8,3.8,3.6,3.5,66.3,4.1
2026-09-26,3.9,3.5,3.5,3.8,3.9,3.7,3.7,3.3,3.7,3.9,3.8,3.7,3.7,3.4,3.8,3.5,3.9,3.8,66.3,5.2
2026-09-27,21.4,21.4,24.2,20.6,23.9,23.2,23.5,21.8,22.5,22.1,23.8,22.3,24.7,23.2,24.0,22.9,24.5,20.6,410.8,8.4
2026-09-28,54.1,53.7,61.0,56.9,59.9,54.4,55.8,54.5,52.8,59.9,52.0,58.1,60.7,62.9,57.4,54.6,57.7,54.5,1020.9,11.0
2026-09-29,25.2,21.5,24.4,25.6,22.8,21.7,25.6,25.4,26.0,23.2,21.6,24.8,24.8,23.4,22.6,25.2,22.2,24.3,430.0,8.5
2026-09-30,27.1,27.4,27.2,25.5,27.6,25.3,27.7,23.6,24.7,23.6,25.4,23.2,24.2,27.0,22.9,25.2,23.2,23.1,453.9,8.6
