timestamp,turbine,wind_speed_ms,active_power_kw,rotor_rpm,generator_rpm,gbx_iss_bearing_temp_c,gbx_oil_temp_c,nacelle_temp_c,status_code,status_text
2026-01-13 22:00,T-07,14.9,4183,11.9,1179,68.5,57.6,13.6,1,Running
2026-01-13 22:10,T-07,13.0,4163,11.9,1177,66.9,57.2,14.2,1,Running
2026-01-13 22:20,T-07,12.6,4162,11.9,1184,68.5,57.6,14.6,1,Running
2026-01-13 22:30,T-07,14.6,4180,11.9,1188,65.0,56.8,13.6,1,Running
2026-01-13 22:40,T-07,14.2,4143,11.9,1188,68.3,57.6,14.8,1,Running
2026-01-13 22:50,T-07,12.9,4151,11.9,1184,67.6,57.4,13.9,1,Running
2026-01-13 23:00,T-07,13.0,4190,11.9,1176,68.3,57.6,13.3,1,Running
2026-01-13 23:10,T-07,14.2,4174,11.9,1182,65.4,56.8,13.6,1,Running
2026-01-13 23:20,T-07,12.8,4186,11.9,1188,66.2,57.0,14.5,1,Running
2026-01-13 23:30,T-07,13.0,4186,11.9,1175,65.4,56.8,14.8,1,Running
2026-01-13 23:40,T-07,14.1,4140,11.9,1187,65.4,56.9,13.3,1,Running
2026-01-13 23:50,T-07,14.5,4192,11.9,1173,66.9,57.2,14.7,1,Running
2026-01-14 00:00,T-07,12.6,4145,11.9,1174,65.1,56.8,13.7,1,Running
2026-01-14 00:10,T-07,14.8,4157,11.9,1182,65.6,56.9,13.4,1,Running
2026-01-14 00:20,T-07,13.9,4165,11.9,1180,67.4,57.3,13.5,1,Running
2026-01-14 00:30,T-07,14.3,4153,11.9,1174,67.5,57.4,14.2,1,Running
2026-01-14 00:40,T-07,12.9,4141,11.9,1174,66.7,57.2,14.9,1,Running
2026-01-14 00:50,T-07,12.8,4198,11.9,1182,65.5,56.9,14.8,1,Running
2026-01-14 01:00,T-07,13.9,4146,11.9,1186,67.0,57.2,14.2,1,Running
2026-01-14 01:10,T-07,13.7,4153,11.9,1175,68.2,57.5,14.8,1,Running
2026-01-14 01:20,T-07,13.8,4196,11.9,1181,67.1,57.3,14.5,1,Running
2026-01-14 01:30,T-07,14.4,4161,11.9,1175,65.4,56.9,13.3,1,Running
2026-01-14 01:40,T-07,14.6,4145,11.9,1175,67.7,57.4,14.0,1,Running
2026-01-14 01:50,T-07,14.9,4154,11.9,1183,65.9,57.0,13.6,1,Running
2026-01-14 02:00,T-07,12.9,4170,11.9,1177,66.0,57.0,13.7,1,Running
2026-01-14 02:10,T-07,14.3,4141,11.9,1181,66.7,57.2,13.6,1,Running
2026-01-14 02:20,T-07,13.3,4170,11.9,1183,67.6,57.4,13.4,1,Running
2026-01-14 02:30,T-07,14.4,4191,11.9,1188,66.1,57.0,14.9,1,Running
2026-01-14 02:40,T-07,12.7,4164,11.9,1180,71.0,58.2,14.7,1,Running
2026-01-14 02:50,T-07,12.8,4169,11.9,1180,73.4,58.9,13.6,1,Running
2026-01-14 03:00,T-07,14.2,4183,11.9,1182,77.0,59.7,13.8,1,Running
2026-01-14 03:10,T-07,13.1,4170,11.9,1185,81.1,60.8,13.3,1,Running
2026-01-14 03:20,T-07,13.0,4120,11.9,1188,85.7,61.9,14.6,1,Running
2026-01-14 03:30,T-07,13.3,4123,11.9,1183,90.7,63.2,13.7,302,Warning: GBX ISS bearing temp high
2026-01-14 03:40,T-07,14.7,4139,11.9,1183,95.9,64.5,13.2,302,Warning: GBX ISS bearing temp high
2026-01-14 03:42,T-07,14.1,0,0.0,0,97.4,64.9,14.8,3105,Stop: GBX ISS bearing temp high (trip) – event
2026-01-14 03:50,T-07,12.9,0,0.0,0,91.4,63.4,14.4,3105,Stop: GBX ISS bearing temp high (trip)
2026-01-14 04:00,T-07,14.8,0,0.0,0,86.9,62.2,14.8,3105,Stop: GBX ISS bearing temp high (trip)
2026-01-14 04:10,T-07,12.9,0,0.0,0,82.4,61.1,13.5,3105,Stop: GBX ISS bearing temp high (trip)
2026-01-14 04:20,T-07,14.5,0,0.0,0,77.9,60.0,13.7,3105,Stop: GBX ISS bearing temp high (trip)
2026-01-14 04:30,T-07,14.7,0,0.0,0,73.4,58.9,14.4,3105,Stop: GBX ISS bearing temp high (trip)
2026-01-14 04:40,T-07,13.3,0,0.0,0,68.9,57.7,13.8,3105,Stop: GBX ISS bearing temp high (trip)
2026-01-14 04:50,T-07,13.4,0,0.0,0,64.4,56.6,13.4,3105,Stop: GBX ISS bearing temp high (trip)
2026-01-14 05:00,T-07,14.8,0,0.0,0,59.9,55.5,13.7,3105,Stop: GBX ISS bearing temp high (trip)
2026-01-14 05:10,T-07,14.5,0,0.0,0,55.4,54.4,13.7,3105,Stop: GBX ISS bearing temp high (trip)
2026-01-14 05:20,T-07,14.3,0,0.0,0,50.9,53.2,15.0,3105,Stop: GBX ISS bearing temp high (trip)
2026-01-14 05:30,T-07,13.5,0,0.0,0,46.4,52.1,13.5,3105,Stop: GBX ISS bearing temp high (trip)
2026-01-14 05:40,T-07,14.2,0,0.0,0,41.9,51.0,13.3,3105,Stop: GBX ISS bearing temp high (trip)
2026-01-14 05:50,T-07,13.2,0,0.0,0,40.0,50.5,14.5,3105,Stop: GBX ISS bearing temp high (trip)
2026-01-14 06:00,T-07,14.5,0,0.0,0,40.0,50.5,14.6,3105,Stop: GBX ISS bearing temp high (trip)
