date,competitor,headline,source,relevance
2026-02-04,Caledon Wind,Acquires 41 MW consented project in Perthshire,Trade press,medium
2026-03-27,Albion Renewables,Signs land at Humber Estuary for 50 MW BESS,Planning portal,high
2026-04-15,Skagerrak Power,Receives municipal approval for 140 MW in Halland,Local news,medium
2026-05-20,Helios Grid Storage,Raises equity for 1 GW BESS build-out,Press release,medium
2026-06-11,Nordvind Energy,Commissions 300 MW offshore wind farm in Danish waters,Press release,low
2026-07-02,Hanse Offshore Partners,Prequalified for federal offshore tender,Regulator website,high
2026-07-30,Caledon Wind,Hires former grid operator connections manager,LinkedIn,low
2026-08-18,Helios Grid Storage,Grid application at Brayton Moor node (150 MW),Grid register,high
2026-09-04,Albion Renewables,Consent for 49.9 MW solar near Saltmarsh,Planning portal,high
2026-09-23,Nordvind Energy,Announces intention to bid for Northfield at summit,Summit talk,high
2026-09-29,Caledon Wind,Acquires 52 MW project near Glenmore,Trade press,high
