Ticket,Opened,Category,Priority,Office,Channel,Resolved,Resolution time (h),Resolver
SD-47376,2026-07-01,File sharing & spaces,P4,Edinburgh,Portal,Yes,38.6,Sophie Martin
SD-47736,2026-07-01,Workplace / hardware,P3,Edinburgh,Portal,Yes,27.5,Northlight L1
SD-47776,2026-07-01,Accounts / access,P3,Hamburg,Walk-in,Yes,11.7,Northlight L2
SD-47316,2026-07-02,File sharing & spaces,P3,Edinburgh,Email,Yes,30.7,Sophie Martin
SD-47620,2026-07-02,File sharing & spaces,P4,Hamburg,Phone,Yes,29.5,Northlight L1
SD-47672,2026-07-02,Workplace / hardware,P4,Hamburg,Phone,Yes,3.9,Northlight L1
SD-47680,2026-07-02,Workplace / hardware,P4,Hamburg,Phone,Yes,4.4,Northlight L1
SD-47772,2026-07-02,Workplace / hardware,P4,Hamburg,Email,Yes,5.0,Sophie Martin
SD-47152,2026-07-03,Workplace / hardware,P3,Copenhagen,Portal,Yes,3.7,Jan Kowalski
SD-47536,2026-07-03,Accounts / access,P3,Hamburg,Phone,Yes,20.3,Northlight L2
SD-47888,2026-07-03,Email / collaboration,P3,Hamburg,Email,Yes,8.5,Jan Kowalski
SD-47368,2026-07-04,Email / collaboration,P3,Site,Phone,Yes,22.9,Northlight L1
SD-47484,2026-07-04,Workplace / hardware,P3,Edinburgh,Portal,Yes,14.6,Northlight L1
SD-47588,2026-07-04,Email / collaboration,P3,Hamburg,Walk-in,Yes,15.0,Sophie Martin
SD-47896,2026-07-04,Accounts / access,P4,Edinburgh,Walk-in,Yes,29.7,Northlight L2
SD-47532,2026-07-05,Security,P4,Hamburg,Portal,Yes,20.1,Northlight L1
SD-47664,2026-07-05,File sharing & spaces,P4,Edinburgh,Walk-in,Yes,34.1,Northlight L1
SD-47220,2026-07-06,Accounts / access,P4,Site,Portal,Yes,27.6,Jan Kowalski
SD-47848,2026-07-06,Accounts / access,P2,Hamburg,Phone,Yes,0.6,Northlight L1
SD-47900,2026-07-06,Workplace / hardware,P2,Copenhagen,Walk-in,Yes,2.9,Northlight L2
SD-47120,2026-07-07,Email / collaboration,P3,Edinburgh,Walk-in,Yes,34.5,Sophie Martin
SD-47244,2026-07-07,Workplace / hardware,P3,Site,Portal,Yes,26.9,Northlight L2
SD-47704,2026-07-07,Business applications,P3,Hamburg,Walk-in,Yes,32.1,Jan Kowalski
SD-47460,2026-07-08,Business applications,P3,Hamburg,Phone,Yes,3.7,Jan Kowalski
SD-47524,2026-07-08,Security,P3,Edinburgh,Walk-in,Yes,31.4,Jan Kowalski
SD-47372,2026-07-09,Accounts / access,P4,Edinburgh,Email,Yes,15.2,Northlight L1
SD-47444,2026-07-09,Accounts / access,P3,Copenhagen,Phone,Yes,33.7,Northlight L1
SD-47476,2026-07-09,Accounts / access,P3,Edinburgh,Portal,Yes,10.7,Sophie Martin
SD-47332,2026-07-10,Accounts / access,P3,Hamburg,Email,Yes,36.8,Northlight L2
SD-47356,2026-07-10,File sharing & spaces,P3,Copenhagen,Email,Yes,34.2,Sophie Martin
SD-47448,2026-07-10,File sharing & spaces,P4,Edinburgh,Portal,Yes,33.7,Jan Kowalski
SD-47528,2026-07-10,File sharing & spaces,P3,Hamburg,Email,Yes,9.4,Jan Kowalski
SD-47572,2026-07-10,File sharing & spaces,P3,Hamburg,Phone,Yes,17.2,Northlight L1
SD-47592,2026-07-10,Accounts / access,P4,Edinburgh,Email,Yes,7.4,Sophie Martin
SD-47612,2026-07-10,Workplace / hardware,P3,Hamburg,Portal,Yes,13.4,Jan Kowalski
SD-47692,2026-07-10,Accounts / access,P3,Hamburg,Walk-in,Yes,11.1,Jan Kowalski
SD-47728,2026-07-10,Workplace / hardware,P3,Copenhagen,Email,Yes,23.8,Sophie Martin
SD-47844,2026-07-10,Email / collaboration,P4,Edinburgh,Email,Yes,15.2,Jan Kowalski
SD-47928,2026-07-10,File sharing & spaces,P2,Site,Walk-in,Yes,0.5,Northlight L1
SD-47232,2026-07-11,Email / collaboration,P4,Edinburgh,Portal,Yes,35.5,Northlight L1
SD-47380,2026-07-12,File sharing & spaces,P4,Site,Walk-in,Yes,39.0,Jan Kowalski
SD-47424,2026-07-12,Business applications,P4,Hamburg,Email,Yes,26.4,Northlight L1
SD-47500,2026-07-13,Workplace / hardware,P3,Site,Email,Yes,26.0,Northlight L1
SD-47948,2026-07-13,Email / collaboration,P3,Site,Portal,Yes,24.3,Sophie Martin
SD-47240,2026-07-14,Workplace / hardware,P3,Copenhagen,Walk-in,Yes,12.1,Northlight L1
SD-47260,2026-07-14,Email / collaboration,P3,Hamburg,Walk-in,Yes,1.9,Northlight L1
SD-47420,2026-07-14,Other,P4,Hamburg,Phone,Yes,39.1,Northlight L1
SD-47872,2026-07-14,Workplace / hardware,P4,Edinburgh,Portal,Yes,23.4,Jan Kowalski
SD-47308,2026-07-15,File sharing & spaces,P4,Site,Portal,Yes,6.4,Northlight L1
SD-47688,2026-07-15,Workplace / hardware,P4,Hamburg,Phone,Yes,27.3,Sophie Martin
SD-47724,2026-07-15,Workplace / hardware,P4,Hamburg,Email,Yes,31.5,Northlight L1
SD-47172,2026-07-16,Other,P3,Hamburg,Phone,Yes,32.5,Sophie Martin
SD-47436,2026-07-16,Workplace / hardware,P3,Edinburgh,Portal,Yes,8.5,Northlight L1
SD-47756,2026-07-17,Other,P4,Hamburg,Email,Yes,35.2,Northlight L1
SD-47700,2026-07-18,Email / collaboration,P4,Edinburgh,Email,Yes,23.3,Northlight L1
SD-47564,2026-07-19,Workplace / hardware,P3,Hamburg,Portal,Yes,7.0,Northlight L2
SD-47604,2026-07-19,Accounts / access,P4,Site,Email,Yes,15.4,Northlight L2
SD-47944,2026-07-19,Business applications,P2,Edinburgh,Portal,Yes,2.4,Northlight L2
SD-47464,2026-07-20,Accounts / access,P3,Edinburgh,Phone,Yes,10.1,Northlight L1
SD-47924,2026-07-21,Accounts / access,P3,Hamburg,Phone,Yes,16.7,Northlight L1
SD-47388,2026-07-22,Workplace / hardware,P3,Edinburgh,Phone,Yes,37.1,Northlight L1
SD-47160,2026-07-23,Other,P3,Copenhagen,Email,Yes,26.1,Northlight L1
SD-47836,2026-07-23,Security,P4,Hamburg,Portal,Yes,26.3,Sophie Martin
SD-47300,2026-07-24,Other,P3,Edinburgh,Phone,Yes,8.7,Jan Kowalski
SD-47568,2026-07-24,Workplace / hardware,P3,Hamburg,Portal,Yes,10.7,Jan Kowalski
SD-47188,2026-07-25,File sharing & spaces,P4,Site,Email,Yes,36.1,Jan Kowalski
SD-47304,2026-07-25,Business applications,P4,Hamburg,Portal,Yes,26.4,Sophie Martin
SD-47348,2026-07-25,Accounts / access,P4,Edinburgh,Phone,Yes,22.2,Jan Kowalski
SD-47216,2026-07-26,Email / collaboration,P4,Edinburgh,Walk-in,Yes,21.3,Northlight L1
SD-47228,2026-07-26,Email / collaboration,P4,Copenhagen,Walk-in,Yes,26.9,Northlight L2
SD-47440,2026-07-26,Accounts / access,P3,Site,Walk-in,Yes,18.0,Northlight L2
SD-47492,2026-07-26,Workplace / hardware,P4,Hamburg,Walk-in,Yes,1.1,Sophie Martin
SD-47748,2026-07-26,Email / collaboration,P4,Hamburg,Portal,Yes,31.4,Jan Kowalski
SD-47616,2026-07-27,Workplace / hardware,P4,Edinburgh,Phone,Yes,13.0,Sophie Martin
SD-47628,2026-07-27,File sharing & spaces,P3,Hamburg,Portal,Yes,5.2,Jan Kowalski
SD-47820,2026-07-27,Email / collaboration,P3,Site,Phone,Yes,17.4,Northlight L1
SD-47856,2026-07-27,Business applications,P3,Copenhagen,Portal,Yes,16.4,Northlight L1
SD-47684,2026-07-28,Business applications,P4,Edinburgh,Email,Yes,11.0,Jan Kowalski
SD-47112,2026-07-29,Business applications,P3,Copenhagen,Phone,Yes,5.4,Jan Kowalski
SD-47284,2026-07-29,Accounts / access,P4,Site,Walk-in,Yes,27.2,Jan Kowalski
SD-47292,2026-07-29,Business applications,P4,Edinburgh,Portal,Yes,3.8,Northlight L1
SD-47576,2026-07-29,Email / collaboration,P2,Copenhagen,Walk-in,Yes,3.9,Jan Kowalski
SD-47200,2026-07-30,Other,P3,Site,Walk-in,Yes,6.3,Northlight L1
SD-47408,2026-07-30,Email / collaboration,P4,Edinburgh,Phone,Yes,32.2,Sophie Martin
SD-47544,2026-07-30,File sharing & spaces,P2,Edinburgh,Phone,Yes,4.1,Northlight L1
SD-47624,2026-07-30,File sharing & spaces,P3,Hamburg,Portal,Yes,39.1,Northlight L2
SD-47412,2026-07-31,Workplace / hardware,P3,Edinburgh,Phone,Yes,32.7,Northlight L1
SD-47144,2026-08-01,Email / collaboration,P3,Hamburg,Walk-in,Yes,5.8,Sophie Martin
SD-47168,2026-08-01,Email / collaboration,P4,Site,Phone,Yes,14.3,Northlight L2
SD-47360,2026-08-01,Email / collaboration,P4,Copenhagen,Phone,Yes,12.4,Northlight L2
SD-47432,2026-08-01,Other,P4,Hamburg,Email,Yes,23.0,Northlight L1
SD-47744,2026-08-01,Workplace / hardware,P4,Edinburgh,Walk-in,Yes,17.9,Northlight L1
SD-47816,2026-08-01,Accounts / access,P4,Hamburg,Email,Yes,21.2,Northlight L2
SD-47280,2026-08-02,Workplace / hardware,P3,Hamburg,Portal,Yes,24.7,Northlight L1
SD-47516,2026-08-02,File sharing & spaces,P3,Edinburgh,Phone,Yes,28.9,Jan Kowalski
SD-47104,2026-08-03,File sharing & spaces,P4,Edinburgh,Portal,Yes,4.0,Northlight L2
SD-47224,2026-08-03,File sharing & spaces,P4,Edinburgh,Phone,Yes,1.3,Northlight L1
SD-47252,2026-08-03,Other,P4,Site,Portal,Yes,21.2,Northlight L2
SD-47272,2026-08-04,Accounts / access,P4,Edinburgh,Walk-in,Yes,19.9,Sophie Martin
SD-47552,2026-08-05,Accounts / access,P3,Edinburgh,Portal,Yes,36.1,Northlight L2
SD-47644,2026-08-05,File sharing & spaces,P3,Hamburg,Walk-in,Yes,11.3,Northlight L1
SD-47764,2026-08-05,Business applications,P4,Copenhagen,Walk-in,Yes,6.0,Northlight L1
SD-47952,2026-08-05,File sharing & spaces,P3,Copenhagen,Email,Yes,10.8,Jan Kowalski
SD-47456,2026-08-06,Security,P3,Hamburg,Portal,Yes,9.2,Northlight L2
SD-47652,2026-08-06,Workplace / hardware,P3,Copenhagen,Portal,Yes,10.1,Northlight L2
SD-47660,2026-08-06,Email / collaboration,P3,Edinburgh,Email,Yes,38.5,Jan Kowalski
SD-47712,2026-08-06,Accounts / access,P4,Hamburg,Walk-in,Yes,6.4,Northlight L2
SD-47760,2026-08-06,Accounts / access,P3,Copenhagen,Email,Yes,38.1,Northlight L2
SD-47352,2026-08-07,Email / collaboration,P3,Copenhagen,Phone,Yes,31.7,Jan Kowalski
SD-47676,2026-08-08,Accounts / access,P3,Hamburg,Walk-in,Yes,39.2,Jan Kowalski
SD-47784,2026-08-08,File sharing & spaces,P3,Copenhagen,Walk-in,Yes,12.3,Sophie Martin
SD-47904,2026-08-08,Workplace / hardware,P3,Edinburgh,Email,Yes,19.5,Sophie Martin
SD-47276,2026-08-09,Accounts / access,P2,Edinburgh,Email,Yes,3.2,Northlight L1
SD-47740,2026-08-09,Business applications,P3,Edinburgh,Email,Yes,30.0,Northlight L1
SD-47296,2026-08-11,Accounts / access,P3,Hamburg,Walk-in,Yes,13.6,Northlight L1
SD-47708,2026-08-12,File sharing & spaces,P3,Copenhagen,Phone,Yes,33.5,Northlight L1
SD-47716,2026-08-12,File sharing & spaces,P3,Hamburg,Email,Yes,12.3,Northlight L1
SD-47916,2026-08-12,Email / collaboration,P4,Hamburg,Portal,Yes,6.7,Sophie Martin
SD-47496,2026-08-13,Business applications,P4,Edinburgh,Email,Yes,28.4,Northlight L1
SD-47656,2026-08-13,Workplace / hardware,P3,Hamburg,Email,Yes,37.1,Sophie Martin
SD-47860,2026-08-13,File sharing & spaces,P3,Site,Email,Yes,22.9,Jan Kowalski
SD-47288,2026-08-14,Business applications,P4,Edinburgh,Email,Yes,39.0,Sophie Martin
SD-47504,2026-08-14,File sharing & spaces,P3,Copenhagen,Phone,Yes,2.1,Northlight L2
SD-47140,2026-08-15,Accounts / access,P3,Edinburgh,Walk-in,Yes,21.1,Northlight L1
SD-47344,2026-08-15,Workplace / hardware,P4,Hamburg,Walk-in,Yes,9.1,Sophie Martin
SD-47780,2026-08-15,Workplace / hardware,P3,Hamburg,Portal,Yes,0.8,Northlight L2
SD-47864,2026-08-16,Workplace / hardware,P3,Hamburg,Phone,Yes,28.6,Northlight L2
SD-47932,2026-08-16,Workplace / hardware,P4,Edinburgh,Phone,Yes,30.3,Northlight L1
SD-47384,2026-08-17,Email / collaboration,P4,Edinburgh,Email,Yes,36.0,Northlight L1
SD-47520,2026-08-17,Business applications,P4,Edinburgh,Walk-in,Yes,30.5,Northlight L2
SD-47972,2026-08-17,Accounts / access,P3,Edinburgh,Walk-in,Yes,21.0,Northlight L2
SD-47116,2026-08-18,Other,P3,Edinburgh,Phone,Yes,2.2,Jan Kowalski
SD-47192,2026-08-18,Workplace / hardware,P4,Hamburg,Phone,Yes,6.8,Jan Kowalski
SD-47264,2026-08-18,Workplace / hardware,P2,Hamburg,Portal,Yes,5.5,Northlight L1
SD-47320,2026-08-18,Email / collaboration,P3,Edinburgh,Email,Yes,20.9,Northlight L1
SD-47640,2026-08-18,Other,P2,Hamburg,Email,Yes,3.0,Sophie Martin
SD-47540,2026-08-19,Accounts / access,P3,Edinburgh,Email,Yes,12.3,Northlight L2
SD-47548,2026-08-19,Email / collaboration,P3,Hamburg,Portal,Yes,6.6,Northlight L1
SD-47584,2026-08-19,Business applications,P3,Copenhagen,Walk-in,Yes,3.4,Jan Kowalski
SD-47732,2026-08-19,Security,P3,Hamburg,Phone,Yes,13.9,Northlight L2
SD-47976,2026-08-19,Workplace / hardware,P3,Edinburgh,Walk-in,Yes,8.7,Northlight L1
SD-47668,2026-08-21,Workplace / hardware,P4,Edinburgh,Phone,Yes,8.4,Sophie Martin
SD-47880,2026-08-21,File sharing & spaces,P4,Hamburg,Phone,Yes,1.5,Sophie Martin
SD-47156,2026-08-22,Workplace / hardware,P4,Edinburgh,Email,Yes,36.9,Jan Kowalski
SD-47608,2026-08-22,Email / collaboration,P4,Edinburgh,Email,Yes,33.1,Sophie Martin
SD-47964,2026-08-22,Email / collaboration,P4,Edinburgh,Walk-in,Yes,19.4,Sophie Martin
SD-47164,2026-08-24,Accounts / access,P2,Edinburgh,Walk-in,Yes,1.0,Northlight L1
SD-47472,2026-08-24,Accounts / access,P3,Hamburg,Portal,Yes,25.2,Northlight L2
SD-47828,2026-08-24,File sharing & spaces,P4,Edinburgh,Walk-in,Yes,4.7,Northlight L2
SD-47808,2026-08-25,Business applications,P3,Edinburgh,Walk-in,Yes,6.4,Northlight L1
SD-47936,2026-08-25,Other,P4,Hamburg,Phone,Yes,13.4,Northlight L1
SD-47920,2026-08-26,Accounts / access,P2,Edinburgh,Walk-in,Yes,3.2,Northlight L1
SD-47752,2026-08-27,Email / collaboration,P3,Copenhagen,Email,Yes,0.4,Northlight L1
SD-47560,2026-08-28,Other,P4,Edinburgh,Walk-in,Yes,24.4,Sophie Martin
SD-47840,2026-08-28,Security,P3,Site,Walk-in,Yes,14.6,Northlight L1
SD-47132,2026-08-29,Accounts / access,P3,Hamburg,Email,Yes,34.6,Northlight L1
SD-47468,2026-08-29,Security,P3,Hamburg,Email,Yes,31.4,Northlight L1
SD-47796,2026-08-30,File sharing & spaces,P4,Hamburg,Phone,Yes,15.0,Northlight L2
SD-47884,2026-08-31,File sharing & spaces,P4,Site,Walk-in,Yes,1.3,Jan Kowalski
SD-47488,2026-09-01,Business applications,P4,Hamburg,Walk-in,Yes,1.1,Northlight L2
SD-47212,2026-09-02,Accounts / access,P3,Edinburgh,Walk-in,Yes,23.7,Northlight L1
SD-47768,2026-09-02,Email / collaboration,P4,Edinburgh,Email,Yes,5.6,Jan Kowalski
SD-47892,2026-09-02,Workplace / hardware,P3,Edinburgh,Email,Yes,33.8,Northlight L1
SD-47184,2026-09-03,Workplace / hardware,P2,Edinburgh,Portal,Yes,2.2,Northlight L1
SD-47416,2026-09-03,Accounts / access,P4,Edinburgh,Walk-in,Yes,13.4,Sophie Martin
SD-47480,2026-09-03,Security,P4,Hamburg,Phone,Yes,26.2,Sophie Martin
SD-47596,2026-09-03,Workplace / hardware,P4,Edinburgh,Walk-in,Yes,3.3,Sophie Martin
SD-47236,2026-09-04,Workplace / hardware,P4,Edinburgh,Walk-in,Yes,37.1,Northlight L1
SD-47256,2026-09-06,Business applications,P3,Edinburgh,Phone,Yes,16.0,Sophie Martin
SD-47328,2026-09-06,Business applications,P3,Copenhagen,Portal,Yes,6.3,Sophie Martin
SD-47960,2026-09-06,Accounts / access,P4,Hamburg,Phone,Yes,37.3,Sophie Martin
SD-47324,2026-09-07,Accounts / access,P3,Copenhagen,Walk-in,Yes,27.5,Northlight L2
SD-47428,2026-09-08,Workplace / hardware,P3,Copenhagen,Phone,Yes,21.3,Jan Kowalski
SD-47912,2026-09-08,Workplace / hardware,P4,Hamburg,Walk-in,Yes,30.8,Northlight L1
SD-47636,2026-09-09,Email / collaboration,P3,Hamburg,Walk-in,Yes,39.4,Northlight L1
SD-47800,2026-09-09,Accounts / access,P3,Edinburgh,Walk-in,Yes,0.8,Northlight L1
SD-47148,2026-09-10,Accounts / access,P3,Hamburg,Email,Yes,35.7,Jan Kowalski
SD-47108,2026-09-11,Email / collaboration,P4,Hamburg,Phone,Yes,1.5,Northlight L1
SD-47400,2026-09-11,Business applications,P4,Copenhagen,Walk-in,Yes,13.1,Sophie Martin
SD-47124,2026-09-12,Business applications,P4,Hamburg,Walk-in,Yes,5.7,Jan Kowalski
SD-47176,2026-09-12,File sharing & spaces,P4,Edinburgh,Walk-in,Yes,17.6,Northlight L1
SD-47508,2026-09-12,File sharing & spaces,P4,Site,Email,Yes,34.8,Jan Kowalski
SD-47512,2026-09-12,File sharing & spaces,P3,Edinburgh,Email,Yes,31.1,Northlight L1
SD-47196,2026-09-13,Email / collaboration,P4,Edinburgh,Portal,Yes,18.7,Northlight L1
SD-47208,2026-09-13,Accounts / access,P4,Edinburgh,Email,Yes,32.9,Northlight L1
SD-47268,2026-09-13,Email / collaboration,P4,Edinburgh,Portal,Yes,3.6,Northlight L1
SD-47336,2026-09-13,Accounts / access,P4,Edinburgh,Phone,Yes,24.6,Northlight L2
SD-47852,2026-09-13,Email / collaboration,P4,Hamburg,Email,Yes,2.2,Northlight L1
SD-47968,2026-09-14,Business applications,P3,Edinburgh,Phone,Yes,8.5,Jan Kowalski
SD-47580,2026-09-16,Other,P3,Site,Portal,Yes,22.6,Northlight L1
SD-47908,2026-09-16,Accounts / access,P3,Copenhagen,Email,Yes,37.0,Sophie Martin
SD-47696,2026-09-18,Accounts / access,P3,Copenhagen,Portal,Yes,4.4,Northlight L1
SD-47136,2026-09-19,File sharing & spaces,P3,Hamburg,Portal,Yes,21.3,Jan Kowalski
SD-47600,2026-09-19,Workplace / hardware,P3,Copenhagen,Phone,Yes,37.2,Sophie Martin
SD-47832,2026-09-19,Accounts / access,P3,Copenhagen,Walk-in,Yes,7.1,Northlight L2
SD-47128,2026-09-20,Other,P4,Hamburg,Phone,Yes,30.4,Northlight L1
SD-47392,2026-09-20,File sharing & spaces,P2,Hamburg,Email,Yes,4.4,Northlight L1
SD-47812,2026-09-20,Business applications,P4,Hamburg,Walk-in,Yes,24.3,Sophie Martin
SD-47180,2026-09-21,Security,P3,Copenhagen,Email,Yes,24.2,Northlight L1
SD-47452,2026-09-21,Accounts / access,P4,Hamburg,Portal,Yes,16.9,Northlight L2
SD-47204,2026-09-22,Accounts / access,P2,Site,Portal,Yes,5.2,Northlight L1
SD-47404,2026-09-22,Security,P4,Copenhagen,Phone,Yes,25.5,Northlight L1
SD-47868,2026-09-22,Business applications,P3,Edinburgh,Portal,Yes,5.5,Northlight L2
SD-47396,2026-09-23,Workplace / hardware,P4,Copenhagen,Phone,Yes,31.4,Northlight L1
SD-47648,2026-09-23,Workplace / hardware,P3,Edinburgh,Email,Yes,32.2,Sophie Martin
SD-47940,2026-09-23,Email / collaboration,P4,Copenhagen,Walk-in,Yes,22.0,Sophie Martin
SD-47100,2026-09-24,Accounts / access,P4,Edinburgh,Phone,Yes,31.8,Sophie Martin
SD-47312,2026-09-24,File sharing & spaces,P4,Hamburg,Phone,Yes,3.7,Northlight L1
SD-47792,2026-09-24,Business applications,P3,Edinburgh,Walk-in,Yes,39.2,Sophie Martin
SD-47788,2026-09-25,Security,P4,Hamburg,Email,Yes,28.4,Northlight L1
SD-47824,2026-09-25,Accounts / access,P3,Hamburg,Email,Yes,18.9,Northlight L1
SD-47556,2026-09-26,Accounts / access,P3,Hamburg,Walk-in,Yes,38.9,Sophie Martin
SD-47876,2026-09-26,Email / collaboration,P3,Edinburgh,Walk-in,Yes,25.1,Sophie Martin
SD-47364,2026-09-27,Accounts / access,P3,Hamburg,Walk-in,Yes,28.7,Jan Kowalski
SD-47804,2026-09-27,Workplace / hardware,P3,Hamburg,Walk-in,Yes,4.2,Northlight L1
SD-47340,2026-09-28,Business applications,P3,Hamburg,Email,Yes,39.6,Northlight L1
SD-47720,2026-09-28,Workplace / hardware,P4,Site,Walk-in,Yes,32.8,Northlight L1
SD-47248,2026-09-29,File sharing & spaces,P3,Hamburg,Phone,Yes,11.6,Sophie Martin
SD-47956,2026-09-29,Accounts / access,P4,Hamburg,Email,Yes,31.2,Northlight L2
SD-47632,2026-09-30,Accounts / access,P4,Hamburg,Phone,Yes,19.0,Northlight L1
