position,cpt_id,date,water_depth_m,max_depth_m,unit1_base_m,unit2_qc_avg_mpa,unit3_top_m,unit4_top_m,boulders_flag
HB-A01,CPT-A01-26,2026-02-04,28.6,45.0,1.5,29.0,9.4,29.6,N
HB-A02,CPT-A02-26,2026-02-14,29.3,42.5,2.0,27.5,11.9,29.8,N
HB-A03,CPT-A03-26,2026-02-11,29.6,40.0,3.1,29.4,14.2,26.2,Y
HB-A04,CPT-A04-26,2026-02-22,30.3,42.5,2.1,36.2,11.8,28.6,N
HB-A05,CPT-A05-26,2026-02-03,30.6,45.0,2.8,32.5,13.2,26.6,N
HB-A06,CPT-A06-26,2026-02-22,31.3,42.5,2.1,42.1,11.3,26.5,Y
HB-A07,CPT-A07-26,2026-02-05,32.0,40.0,1.8,34.1,8.2,31.1,N
HB-A08,CPT-A08-26,2026-02-16,32.3,45.0,1.7,43.8,12.8,27.4,N
HB-A09,CPT-A09-26,2026-02-17,33.0,45.0,1.9,34.8,9.4,28.6,N
HB-A10,CPT-A10-26,2026-02-07,33.4,40.0,2.3,35.5,8.4,28.9,N
HB-A11,CPT-A11-26,2026-02-09,34.1,40.0,1.8,31.6,14.7,26.5,N
HB-A12,CPT-A12-26,2026-02-20,34.8,42.5,2.8,38.6,11.5,27.4,N
HB-A13,CPT-A13-26,2026-02-16,35.1,40.0,1.6,36.5,14.2,26.8,N
HB-A14,CPT-A14-26,2026-02-06,35.8,40.0,2.6,29.1,8.7,30.2,N
HB-B01,CPT-B01-26,2026-02-12,30.3,42.5,2.9,43.5,14.2,26.5,N
HB-B02,CPT-B02-26,2026-02-09,30.8,45.0,2.1,41.0,9.2,26.7,N
HB-B03,CPT-B03-26,2026-02-03,31.0,40.0,1.6,28.6,11.8,32.9,Y
HB-B04,CPT-B04-26,2026-02-09,31.6,40.0,2.8,32.5,9.3,28.3,N
HB-B05,CPT-B05-26,2026-02-18,31.8,45.0,2.2,39.9,8.4,31.2,N
HB-B06,CPT-B06-26,2026-02-12,32.4,42.5,2.9,34.6,9.5,32.9,Y
HB-B07,CPT-B07-26,2026-02-16,32.9,45.0,3.1,41.9,14.4,30.7,Y
HB-B08,CPT-B08-26,2026-02-03,33.1,45.0,2.3,35.5,12.6,28.9,N
HB-B09,CPT-B09-26,2026-02-20,33.7,42.5,2.2,28.1,9.4,32.6,N
HB-B10,CPT-B10-26,2026-02-19,33.9,40.0,2.0,31.2,9.7,26.7,Y
HB-B11,CPT-B11-26,2026-02-17,34.5,42.5,2.4,28.2,9.8,29.3,N
HB-B12,CPT-B12-26,2026-02-21,35.0,45.0,3.0,33.9,13.1,32.8,N
HB-B13,CPT-B13-26,2026-02-07,35.2,42.5,1.9,36.9,12.3,29.5,Y
HB-C01,CPT-C01-26,2026-02-08,31.8,42.5,3.1,28.7,10.0,30.4,N
HB-C02,CPT-C02-26,2026-02-22,32.3,42.5,3.1,42.0,9.3,26.8,Y
HB-C03,CPT-C03-26,2026-02-05,32.4,42.5,2.0,41.8,8.7,32.6,N
HB-C04,CPT-C04-26,2026-02-13,32.9,40.0,3.1,28.9,13.5,32.7,N
HB-C05,CPT-C05-26,2026-02-05,33.0,45.0,2.7,38.6,14.5,28.4,N
HB-C06,CPT-C06-26,2026-02-21,33.6,45.0,2.0,28.4,12.0,32.5,N
HB-C07,CPT-C07-26,2026-02-12,34.1,40.0,1.6,39.1,13.6,31.1,N
HB-C08,CPT-C08-26,2026-02-08,34.2,42.5,1.7,26.0,12.9,28.7,N
HB-C09,CPT-C09-26,2026-02-03,34.7,40.0,1.6,42.4,10.8,27.4,N
HB-C10,CPT-C10-26,2026-02-14,34.8,45.0,3.2,29.5,10.0,23.1,N
HB-C11,CPT-C11-26,2026-02-14,35.4,45.0,2.9,42.4,13.3,23.9,N
HB-C12,CPT-C12-26,2026-02-17,35.9,42.5,1.8,36.1,14.4,28.0,Y
HB-C13,CPT-C13-26,2026-02-12,36.0,40.0,3.0,27.3,14.6,24.9,Y
