hedgerow_id,length_m,woody_species_per_30m,height_m,gaps_pct,important,action
H01,207,4,1.9,5,no,retain
H02,125,3,3.1,21,no,retain
H03,133,7,2.1,18,yes,retain
H04,126,3,1.8,1,no,retain
H05,455,3,1.3,25,no,retain
H06,260,6,3.0,22,yes,retain, allow to 3 m
H07,431,4,2.4,15,no,partial removal for access
H08,123,6,3.0,12,yes,retain and gap up
H09,197,4,2.5,4,no,retain
H10,347,6,2.0,20,yes,retain, allow to 3 m
H11,279,7,2.7,7,yes,retain and gap up
H12,444,3,1.2,21,no,retain, allow to 3 m
H13,432,6,1.3,6,yes,retain and gap up
H14,368,8,2.8,16,yes,retain and gap up
H15,345,5,2.2,13,no,partial removal for access
H16,330,6,2.9,22,yes,retain and gap up
H17,302,8,2.8,12,yes,retain, allow to 3 m
H18,163,7,2.7,17,yes,retain
H19,232,5,2.9,20,no,retain and gap up
H20,252,3,1.3,11,no,retain and gap up
H21,186,8,3.5,20,yes,retain
H22,496,8,2.9,6,yes,retain
H23,452,8,2.2,20,yes,retain
H24,151,4,3.0,13,no,retain and gap up
