Name,Outlet,Type,Country,Beat,Email,Phone,Last contact,Notes
Sarah Whitfield,Windpower Weekly,Trade,UK,Local news,sarah.whitfield@windpower-weekly.example,+44 41 3983 238,2026-08-27,
James MacLeod,North Sea Energy Review,Trade,UK,Local news,james.macleod@north-sea-energy-review.example,+44 44 9154 529,2026-02-09,Embargo-friendly
Katrin Lange,Offshore Engineer Europe,Trade,UK,Corporate/finance,katrin.lange@offshore-engineer-europe.example,+44 69 3248 922,2026-07-10,Prefers phone
Mads Morrison,Hamburger Wirtschaftsblatt,Business,DE,Energy policy,mads.morrison@hamburger-wirtschaftsblatt.example,+49 45 8297 265,2026-02-22,Covered FID
Helen Vogt,Energie & Markt,Trade,DE,Grid & storage,helen.vogt@energie-markt.example,+49 22 1010 588,2026-03-19,Covered FID
Stefan Pryce,Nordic Energy Journal,Trade,DK,Grid & storage,stefan.pryce@nordic-energy-journal.example,+45 71 1911 601,2026-05-18,Covered FID
Aisha Albers,Borders Gazette,Regional,UK,Industry & steel,aisha.albers@borders-gazette.example,+44 72 1323 213,2026-02-03,Covered FID
Rory Ainsworth,Millbrook & District Echo,Local,UK,Industry & steel,rory.ainsworth@millbrook-district-echo.example,+44 53 7025 634,2026-05-12,Embargo-friendly
Lena Nowicki,Harrow Bay Herald,Local,UK,Offshore wind,lena.nowicki@harrow-bay-herald.example,+44 33 1651 512,2026-05-23,Attended summit
Tom Kjær,Scottish Business Insider Daily,Business,UK,Local news,tom.kjaer@scottish-business-insider-daily.example,+44 57 5476 865,2026-05-16,Attended summit
Fiona Reid,Finans Energi,Business,DK,Corporate/finance,fiona.reid@finans-energi.example,+45 43 4819 703,2026-09-20,Embargo-friendly
Jens Dahl,Steel Times Europe,Trade,DE,Industry & steel,jens.dahl@steel-times-europe.example,+49 42 5054 302,2026-05-10,Prefers phone
Priyanka Doherty,Clean Tech Ledger,Online,UK,Energy policy,priyanka.doherty@clean-tech-ledger.example,+44 30 9662 606,2026-03-25,Covered FID
Callum Holm,Radio Borders,Broadcast,UK,Energy policy,callum.holm@radio-borders.example,+44 34 2127 111,2026-03-26,Interview request pending
Birgit Byrne,NDR Wirtschaft,Broadcast,DE,Industry & steel,birgit.byrne@ndr-wirtschaft.example,+49 54 1650 749,2026-09-02,Covered FID
Owen Brück,Windpower Weekly,Trade,UK,Offshore wind,owen.brueck@windpower-weekly.example,+44 79 6327 603,2026-04-11,Embargo-friendly
Marta Sood,North Sea Energy Review,Trade,UK,Corporate/finance,marta.sood@north-sea-energy-review.example,+44 46 2123 760,2026-08-14,Embargo-friendly
Kasper Ehlers,Offshore Engineer Europe,Trade,UK,Industry & steel,kasper.ehlers@offshore-engineer-europe.example,+44 58 3559 339,2026-03-04,
Niamh Rahman,Hamburger Wirtschaftsblatt,Business,DE,Corporate/finance,niamh.rahman@hamburger-wirtschaftsblatt.example,+49 61 3662 908,2026-03-16,Embargo-friendly
Malte Fraser,Energie & Markt,Trade,DE,Grid & storage,malte.fraser@energie-markt.example,+49 24 7974 998,2026-02-15,Embargo-friendly
Sarah Whitfield,Nordic Energy Journal,Trade,DK,Industry & steel,sarah.whitfield@nordic-energy-journal.example,+45 23 9312 996,2026-05-23,
James MacLeod,Borders Gazette,Regional,UK,Grid & storage,james.macleod@borders-gazette.example,+44 67 7800 156,2026-08-25,
Katrin Lange,Millbrook & District Echo,Local,UK,Local news,katrin.lange@millbrook-district-echo.example,+44 51 4987 212,2026-06-06,Attended summit
Mads Morrison,Harrow Bay Herald,Local,UK,Energy policy,mads.morrison@harrow-bay-herald.example,+44 28 5302 155,2026-07-28,Embargo-friendly
Helen Vogt,Scottish Business Insider Daily,Business,UK,Local news,helen.vogt@scottish-business-insider-daily.example,+44 28 8908 554,2026-02-17,
Stefan Pryce,Finans Energi,Business,DK,Energy policy,stefan.pryce@finans-energi.example,+45 75 3182 182,2026-02-18,Embargo-friendly
Aisha Albers,Steel Times Europe,Trade,DE,Local news,aisha.albers@steel-times-europe.example,+49 42 9818 290,2026-03-02,Attended summit
Rory Ainsworth,Clean Tech Ledger,Online,UK,Local news,rory.ainsworth@clean-tech-ledger.example,+44 41 1171 272,2026-05-13,Attended summit
Lena Nowicki,Radio Borders,Broadcast,UK,Offshore wind,lena.nowicki@radio-borders.example,+44 55 2354 840,2026-04-24,Interview request pending
Tom Kjær,NDR Wirtschaft,Broadcast,DE,Local news,tom.kjaer@ndr-wirtschaft.example,+49 38 4023 363,2026-09-17,
Fiona Reid,Windpower Weekly,Trade,UK,Industry & steel,fiona.reid@windpower-weekly.example,+44 22 6324 342,2026-04-19,
Jens Dahl,North Sea Energy Review,Trade,UK,Offshore wind,jens.dahl@north-sea-energy-review.example,+44 51 9454 327,2026-09-17,Covered FID
Priyanka Doherty,Offshore Engineer Europe,Trade,UK,Corporate/finance,priyanka.doherty@offshore-engineer-europe.example,+44 56 8164 602,2026-03-29,
Callum Holm,Hamburger Wirtschaftsblatt,Business,DE,Grid & storage,callum.holm@hamburger-wirtschaftsblatt.example,+49 36 5106 341,2026-02-10,Covered FID
