month,ws100_mean_ms,ws80_mean_ms,wd_prevailing,availability_pct,ti15_pct,temp_mean_c
2025-01,9.6,9.35,W,95.0,11.3,1.2
2025-02,9.3,9.06,SSW,96.0,13.1,1.8
2025-03,8.9,8.67,SSW,94.2,11.4,3.4
2025-04,7.7,7.5,WSW,95.3,12.7,6.1
2025-05,7.1,6.92,SSW,98.5,12.5,8.9
2025-06,6.5,6.33,W,98.0,12.3,11.8
2025-07,6.6,6.43,WSW,95.2,12.5,13.4
2025-08,6.9,6.72,WSW,95.0,12.3,13.1
2025-09,7.9,7.69,SW,97.8,12.9,10.6
2025-10,8.8,8.57,WSW,96.1,12.3,7.4
2025-11,9.4,9.16,SW,97.4,11.8,4.0
2025-12,9.8,9.55,SSW,98.2,10.9,1.9
