timestamp_utc,ws100_mean_ms,ws100_sd_ms,ws100_max_ms,ws80_mean_ms,ws60_mean_ms,wd98_deg,temp_c,pressure_hpa,flag
2026-09-14 00:00,9.31,0.96,11.61,9.05,8.76,235,7.2,962.7,OK
2026-09-14 00:10,8.4,0.7,10.07,8.17,7.9,237,7.0,962.0,OK
2026-09-14 00:20,8.16,0.81,10.1,7.94,7.68,235,7.4,961.7,OK
2026-09-14 00:30,7.75,0.96,10.06,7.54,7.29,231,7.1,962.2,OK
2026-09-14 00:40,8.22,0.82,10.18,8.0,7.73,231,7.1,962.4,OK
2026-09-14 00:50,8.21,0.84,10.24,7.99,7.72,230,6.8,961.9,OK
2026-09-14 01:00,8.26,0.79,10.15,8.04,7.78,236,7.0,962.9,OK
2026-09-14 01:10,8.48,0.76,10.3,8.25,7.98,237,6.7,962.4,OK
2026-09-14 01:20,8.14,0.73,9.9,7.92,7.66,233,6.9,962.2,OK
2026-09-14 01:30,7.71,0.93,9.94,7.5,7.25,233,7.0,962.0,OK
2026-09-14 01:40,8.34,0.86,10.41,8.12,7.85,236,7.0,962.4,OK
2026-09-14 01:50,8.26,1.03,10.73,8.04,7.77,238,7.0,961.3,OK
2026-09-14 02:00,8.43,0.96,10.74,8.21,7.94,235,7.1,962.5,OK
2026-09-14 02:10,8.77,0.87,10.86,8.54,8.26,230,7.1,962.7,OK
2026-09-14 02:20,9.06,0.95,11.35,8.81,8.52,231,7.3,961.3,OK
2026-09-14 02:30,8.86,0.83,10.85,8.62,8.33,228,7.5,962.9,OK
2026-09-14 02:40,9.23,0.78,11.1,8.99,8.69,222,7.3,962.0,OK
2026-09-14 02:50,8.47,0.84,10.49,8.24,7.97,225,7.5,961.4,OK
2026-09-14 03:00,8.05,0.67,9.66,7.84,7.58,222,7.3,962.7,OK
2026-09-14 03:10,8.34,0.72,10.08,8.12,7.85,217,7.3,962.0,OK
2026-09-14 03:20,8.67,1.09,11.29,8.43,8.16,218,7.5,962.1,OK
2026-09-14 03:30,8.96,1.16,11.75,8.72,8.43,222,7.8,961.0,OK
2026-09-14 03:40,9.68,1.03,12.14,9.42,9.11,222,7.7,962.2,OK
2026-09-14 03:50,9.19,1.17,11.98,8.94,8.65,214,7.9,961.9,OK
2026-09-14 04:00,9.16,1.15,11.93,8.91,8.62,209,7.7,961.9,OK
2026-09-14 04:10,9.29,0.82,11.27,9.04,8.74,203,7.9,961.9,OK
2026-09-14 04:20,9.65,0.81,11.6,9.39,9.08,204,8.1,961.9,OK
2026-09-14 04:30,9.95,1.08,12.54,9.69,9.37,207,8.3,962.1,OK
2026-09-14 04:40,10.45,1.02,12.91,10.17,9.83,200,8.3,962.1,OK
2026-09-14 04:50,11.23,1.2,14.12,10.93,10.57,206,8.4,962.1,OK
2026-09-14 05:00,10.91,0.99,13.3,10.62,10.27,205,8.5,961.7,OK
2026-09-14 05:10,10.56,1.01,12.98,10.28,9.94,212,8.5,961.9,OK
2026-09-14 05:20,11.87,1.35,15.11,11.55,11.17,213,8.9,962.4,OK
2026-09-14 05:30,11.55,0.94,13.8,11.24,10.87,211,9.2,961.8,OK
2026-09-14 05:40,10.64,1.25,13.63,10.36,10.02,210,9.3,961.9,OK
2026-09-14 05:50,11.09,1.16,13.88,10.79,10.43,198,8.9,962.0,OK
2026-09-14 06:00,11.15,1.18,13.98,10.85,10.5,204,9.3,961.6,OK
2026-09-14 06:10,11.41,1.2,14.29,11.1,10.74,202,9.5,962.0,OK
2026-09-14 06:20,10.54,1.16,13.33,10.26,9.92,203,9.6,961.0,OK
2026-09-14 06:30,9.93,0.95,12.21,9.66,9.35,198,9.7,962.0,OK
2026-09-14 06:40,9.15,0.78,11.03,8.9,8.61,200,9.7,962.4,OK
2026-09-14 06:50,8.21,0.66,9.81,7.99,7.73,198,10.0,962.5,OK
2026-09-14 07:00,7.9,0.96,10.21,7.69,7.43,199,10.2,962.0,OK
2026-09-14 07:10,8.79,1.07,11.36,8.55,8.27,200,10.5,962.1,OK
2026-09-14 07:20,8.21,0.71,9.93,7.99,7.73,193,10.3,962.0,OK
2026-09-14 07:30,7.64,0.89,9.77,7.43,7.19,191,10.7,962.2,OK
2026-09-14 07:40,7.28,0.66,8.87,7.08,6.85,193,10.6,962.0,OK
2026-09-14 07:50,7.11,0.59,8.53,6.92,6.69,192,11.3,962.5,OK
2026-09-14 08:00,6.82,0.73,8.57,6.63,6.41,185,11.6,962.6,OK
2026-09-14 08:10,7.33,0.88,9.44,7.13,6.9,184,10.9,962.5,OK
2026-09-14 08:20,6.79,0.87,8.87,6.61,6.39,180,11.5,962.6,OK
2026-09-14 08:30,6.19,0.68,7.82,6.02,5.82,187,11.9,962.5,OK
2026-09-14 08:40,6.14,0.62,7.63,5.97,5.78,195,11.7,962.4,OK
2026-09-14 08:50,6.29,0.65,7.85,6.12,5.92,194,11.9,961.7,OK
2026-09-14 09:00,5.98,0.53,7.25,5.82,5.63,190,12.1,962.4,OK
2026-09-14 09:10,6.02,0.49,7.2,5.85,5.66,194,12.4,962.1,OK
2026-09-14 09:20,6.19,0.73,7.95,6.03,5.83,193,12.7,962.1,OK
2026-09-14 09:30,6.44,0.62,7.94,6.27,6.06,196,12.4,962.1,OK
2026-09-14 09:40,5.89,0.55,7.21,5.73,5.54,187,12.3,962.1,OK
2026-09-14 09:50,6.3,0.64,7.83,6.13,5.92,186,12.6,961.8,OK
2026-09-14 10:00,6.5,0.6,7.95,6.33,6.12,188,12.5,961.8,OK
2026-09-14 10:10,6.87,0.67,8.48,6.69,6.47,182,12.7,962.4,OK
2026-09-14 10:20,6.71,0.8,8.63,6.53,6.31,185,12.8,961.9,OK
2026-09-14 10:30,6.84,0.63,8.36,6.66,6.44,186,13.0,962.1,OK
2026-09-14 10:40,6.62,0.64,8.16,6.44,6.23,189,13.4,962.4,OK
2026-09-14 10:50,7.17,0.81,9.12,6.98,6.75,196,13.7,961.8,OK
2026-09-14 11:00,7.38,0.78,9.25,7.18,6.94,194,13.6,962.1,OK
2026-09-14 11:10,7.66,0.67,9.27,7.45,7.21,195,13.6,962.7,OK
2026-09-14 11:20,6.89,0.78,8.76,6.71,6.49,194,13.2,962.8,OK
2026-09-14 11:30,6.13,0.58,7.52,5.97,5.77,192,13.4,962.2,OK
2026-09-14 11:40,6.45,0.69,8.09,6.27,6.07,192,13.6,962.9,OK
2026-09-14 11:50,6.25,0.54,7.55,6.08,5.88,191,13.9,962.1,OK
2026-09-14 12:00,5.94,0.52,7.2,5.78,5.59,190,13.6,961.8,OK
2026-09-14 12:10,6.35,0.74,8.13,6.18,5.97,190,14.1,961.6,OK
2026-09-14 12:20,5.78,0.72,7.5,5.62,5.44,187,13.7,962.1,OK
2026-09-14 12:30,5.93,0.5,7.13,5.77,5.58,188,13.9,961.6,OK
2026-09-14 12:40,5.34,0.63,6.85,5.2,5.02,185,14.1,962.2,OK
2026-09-14 12:50,5.42,0.61,6.89,5.28,5.1,186,13.8,961.9,OK
2026-09-14 13:00,4.52,0.48,5.68,4.4,4.26,190,13.8,962.0,OK
2026-09-14 13:10,4.34,0.36,5.21,4.22,4.08,185,14.2,962.4,OK
2026-09-14 13:20,4.78,0.54,6.07,4.65,4.5,188,13.9,962.5,OK
2026-09-14 13:30,5.44,0.44,6.49,5.29,5.12,188,14.0,961.5,OK
2026-09-14 13:40,5.95,0.76,7.78,5.79,5.6,184,13.9,961.7,OK
2026-09-14 13:50,6.34,0.72,8.07,6.17,5.96,193,13.9,961.9,OK
2026-09-14 14:00,6.23,0.73,7.97,6.06,5.86,190,14.0,961.7,OK
2026-09-14 14:10,6.09,0.6,7.52,5.93,5.73,187,14.1,963.0,OK
2026-09-14 14:20,6.15,0.54,7.45,5.98,5.78,193,13.9,961.8,OK
2026-09-14 14:30,6.45,0.81,8.39,6.27,6.07,194,13.5,962.2,OK
2026-09-14 14:40,6.83,0.77,8.67,6.64,6.43,196,13.9,961.6,OK
2026-09-14 14:50,7.2,0.94,9.44,7.0,6.77,198,13.7,961.7,OK
2026-09-14 15:00,6.78,0.84,8.8,6.6,6.38,198,13.5,962.9,OK
2026-09-14 15:10,6.63,0.56,7.97,6.45,6.24,196,13.3,961.3,OK
2026-09-14 15:20,6.82,0.81,8.76,6.64,6.42,195,13.8,962.1,OK
2026-09-14 15:30,7.65,0.64,9.18,7.44,7.2,197,13.5,962.3,OK
2026-09-14 15:40,7.65,0.79,9.55,7.44,7.2,194,13.4,961.8,OK
2026-09-14 15:50,7.62,0.64,9.16,7.42,7.17,194,13.3,962.4,OK
2026-09-14 16:00,7.1,0.84,9.11,6.91,6.68,193,13.2,961.8,OK
2026-09-14 16:10,7.64,0.88,9.75,7.44,7.19,189,13.2,961.6,OK
2026-09-14 16:20,7.51,0.83,9.49,7.3,7.06,186,12.9,961.2,OK
2026-09-14 16:30,7.97,0.78,9.86,7.76,7.5,178,12.9,962.3,OK
2026-09-14 16:40,8.22,1.02,10.68,8.0,7.73,180,12.7,962.0,OK
2026-09-14 16:50,8.13,0.7,9.8,7.91,7.65,181,12.5,962.6,OK
2026-09-14 17:00,8.38,0.77,10.23,8.16,7.89,183,12.3,962.1,OK
2026-09-14 17:10,8.07,0.95,10.34,7.85,7.59,183,12.4,962.6,OK
2026-09-14 17:20,8.3,0.88,10.42,8.08,7.81,179,12.0,961.7,OK
2026-09-14 17:30,8.18,0.91,10.38,7.96,7.7,175,12.1,962.1,OK
2026-09-14 17:40,7.71,0.63,9.21,7.5,7.25,176,11.5,961.7,OK
2026-09-14 17:50,7.82,0.78,9.68,7.61,7.36,175,12.1,961.7,OK
2026-09-14 18:00,8.08,0.74,9.87,7.87,7.61,178,11.8,962.0,OK
2026-09-14 18:10,8.37,1.04,10.87,8.14,7.87,187,11.7,961.6,OK
2026-09-14 18:20,7.95,0.95,10.23,7.74,7.48,187,11.3,961.1,OK
2026-09-14 18:30,7.74,0.72,9.48,7.53,7.28,187,11.2,962.4,OK
2026-09-14 18:40,7.88,1.01,10.3,7.67,7.41,188,11.1,962.3,OK
2026-09-14 18:50,7.05,0.69,8.71,6.86,6.63,188,11.1,961.5,OK
2026-09-14 19:00,7.44,0.79,9.33,7.24,7.0,184,10.6,962.5,OK
2026-09-14 19:10,8.17,1.03,10.65,7.95,7.69,188,10.4,962.3,OK
2026-09-14 19:20,8.43,1.07,11.0,8.2,7.93,190,10.4,961.9,OK
2026-09-14 19:30,8.05,0.86,10.11,7.83,7.57,188,10.0,962.5,OK
2026-09-14 19:40,7.74,0.79,9.63,7.53,7.28,191,10.1,961.6,OK
2026-09-14 19:50,8.13,0.84,10.15,7.91,7.65,195,10.2,961.2,OK
2026-09-14 20:00,7.97,0.69,9.62,7.75,7.5,198,9.8,962.3,OK
2026-09-14 20:10,8.16,0.85,10.21,7.94,7.68,187,10.0,962.0,OK
2026-09-14 20:20,7.9,0.82,9.86,7.69,7.44,187,9.6,961.5,OK
2026-09-14 20:30,8.77,0.73,10.52,8.54,8.26,185,9.4,961.6,OK
2026-09-14 20:40,9.21,0.93,11.44,8.96,8.67,188,8.9,961.7,OK
2026-09-14 20:50,8.54,0.73,10.29,8.31,8.04,189,8.8,962.5,OK
2026-09-14 21:00,9.23,1.12,11.92,8.98,8.68,191,8.8,962.0,OK
2026-09-14 21:10,9.64,0.88,11.75,9.38,9.07,187,8.9,961.8,OK
2026-09-14 21:20,9.08,1.08,11.68,8.84,8.55,193,8.4,962.8,OK
2026-09-14 21:30,9.32,0.87,11.4,9.07,8.77,188,8.6,961.7,OK
2026-09-14 21:40,9.75,0.83,11.75,9.49,9.18,192,8.4,961.6,OK
2026-09-14 21:50,9.33,0.99,11.71,9.07,8.78,191,8.5,962.2,OK
2026-09-14 22:00,9.91,1.0,12.31,9.65,9.33,187,8.2,961.9,OK
2026-09-14 22:10,9.75,0.9,11.9,9.49,9.17,190,7.8,961.3,OK
2026-09-14 22:20,9.3,1.07,11.86,9.05,8.75,191,7.8,961.8,OK
2026-09-14 22:30,9.22,1.04,11.71,8.97,8.68,197,8.0,961.9,OK
2026-09-14 22:40,9.07,0.9,11.23,8.82,8.53,195,7.7,961.9,OK
2026-09-14 22:50,9.28,1.05,11.81,9.03,8.73,194,7.8,962.5,OK
2026-09-14 23:00,8.93,0.73,10.68,8.69,8.4,193,7.8,962.0,OK
2026-09-14 23:10,8.44,0.97,10.78,8.21,7.94,190,7.7,962.2,OK
2026-09-14 23:20,8.82,0.9,10.98,8.58,8.3,182,7.4,962.4,OK
2026-09-14 23:30,8.96,1.02,11.4,8.71,8.43,177,7.5,961.7,OK
2026-09-14 23:40,8.73,0.94,10.98,8.5,8.22,174,7.5,962.0,OK
2026-09-14 23:50,8.71,0.85,10.76,8.48,8.2,167,6.9,961.3,OK
2026-09-15 00:00,8.67,0.7,10.35,8.43,8.15,163,7.2,961.8,OK
2026-09-15 00:10,8.06,0.89,10.2,7.84,7.59,166,7.6,961.5,OK
2026-09-15 00:20,8.71,0.77,10.56,8.48,8.2,168,7.3,962.3,OK
2026-09-15 00:30,8.81,0.79,10.71,8.57,8.29,167,7.2,961.9,OK
2026-09-15 00:40,8.46,0.91,10.65,8.24,7.96,168,7.2,962.0,OK
2026-09-15 00:50,8.37,1.04,10.87,8.14,7.88,171,7.5,962.0,OK
2026-09-15 01:00,8.9,0.88,11.0,8.66,8.37,173,7.3,962.9,OK
2026-09-15 01:10,9.5,1.06,12.04,9.24,8.94,177,7.1,962.3,OK
2026-09-15 01:20,9.65,1.23,12.61,9.39,9.08,175,7.2,962.4,OK
2026-09-15 01:30,9.61,0.97,11.94,9.35,9.04,178,6.8,961.8,OK
2026-09-15 01:40,9.83,1.17,12.62,9.56,9.25,182,7.0,962.3,OK
2026-09-15 01:50,10.52,1.04,13.01,10.24,9.9,175,6.9,961.9,OK
2026-09-15 02:00,10.24,1.27,13.29,9.97,9.64,177,7.1,962.5,OK
2026-09-15 02:10,10.35,1.13,13.07,10.07,9.74,177,7.3,962.3,OK
2026-09-15 02:20,9.91,0.99,12.29,9.64,9.32,176,7.5,962.1,OK
2026-09-15 02:30,9.94,1.22,12.86,9.67,9.35,173,7.1,961.7,OK
2026-09-15 02:40,10.1,1.16,12.88,9.83,9.51,176,7.2,961.2,OK
2026-09-15 02:50,9.44,0.91,11.61,9.18,8.88,177,7.5,962.1,OK
2026-09-15 03:00,9.31,0.91,11.49,9.06,8.76,177,7.1,961.9,OK
2026-09-15 03:10,9.67,0.82,11.63,9.41,9.1,184,7.8,962.3,OK
2026-09-15 03:20,10.14,0.85,12.17,9.86,9.54,190,7.3,962.5,OK
2026-09-15 03:30,10.32,0.93,12.56,10.04,9.71,187,7.8,961.6,OK
2026-09-15 03:40,10.51,1.35,13.75,10.23,9.89,183,7.8,961.7,OK
2026-09-15 03:50,10.68,0.9,12.85,10.39,10.05,181,7.8,962.6,OK
2026-09-15 04:00,10.49,0.98,12.84,10.21,9.87,184,7.9,961.7,OK
2026-09-15 04:10,11.07,0.91,13.26,10.77,10.41,181,8.3,962.4,OK
2026-09-15 04:20,11.05,1.08,13.64,10.75,10.4,180,7.9,961.9,OK
2026-09-15 04:30,11.21,1.35,14.46,10.91,10.55,183,7.9,962.4,OK
2026-09-15 04:40,11.45,0.96,13.75,11.14,10.77,174,8.2,962.2,OK
2026-09-15 04:50,10.88,1.35,14.12,10.59,10.24,167,8.5,961.7,OK
2026-09-15 05:00,10.88,1.34,14.1,10.59,10.24,170,8.2,962.0,OK
2026-09-15 05:10,11.54,1.49,15.11,11.22,10.86,164,8.9,962.1,OK
2026-09-15 05:20,11.28,1.33,14.48,10.98,10.62,164,9.0,962.0,OK
2026-09-15 05:30,10.73,1.13,13.44,10.44,10.09,167,8.8,962.5,OK
2026-09-15 05:40,10.16,1.13,12.87,9.88,9.56,166,9.1,962.1,OK
2026-09-15 05:50,9.17,0.9,11.32,8.92,8.63,164,9.1,962.2,OK
2026-09-15 06:00,9.68,0.93,11.9,9.42,9.11,157,9.4,961.8,OK
2026-09-15 06:10,9.07,1.05,11.59,8.82,8.53,160,9.5,961.9,OK
2026-09-15 06:20,9.63,0.8,11.56,9.37,9.06,159,9.7,962.4,OK
2026-09-15 06:30,9.4,1.13,12.1,9.14,8.84,158,9.7,962.4,OK
2026-09-15 06:40,10.34,1.14,13.07,10.06,9.73,152,9.8,961.5,OK
2026-09-15 06:50,10.36,0.93,12.59,10.08,9.74,148,10.1,962.4,OK
2026-09-15 07:00,11.09,1.06,13.63,10.79,10.43,151,10.5,961.7,OK
2026-09-15 07:10,10.25,1.31,13.4,9.98,9.65,145,10.5,961.9,OK
2026-09-15 07:20,11.18,1.16,13.96,10.88,10.52,152,11.0,961.1,OK
2026-09-15 07:30,11.2,1.34,14.4,10.89,10.54,150,10.8,961.7,OK
2026-09-15 07:40,11.41,1.37,14.69,11.1,10.73,152,11.2,962.1,OK
2026-09-15 07:50,11.01,1.17,13.82,10.71,10.36,149,10.7,961.9,OK
2026-09-15 08:00,10.45,1.36,13.71,10.17,9.84,150,11.3,962.8,OK
2026-09-15 08:10,9.89,1.09,12.52,9.63,9.31,155,11.6,963.2,OK
2026-09-15 08:20,11.03,1.25,14.04,10.73,10.38,152,11.7,962.0,OK
2026-09-15 08:30,10.06,1.21,12.97,9.79,9.47,156,11.8,961.8,OK
2026-09-15 08:40,10.15,0.83,12.13,9.87,9.55,158,12.0,962.5,OK
2026-09-15 08:50,9.64,0.83,11.64,9.38,9.07,157,11.9,962.4,OK
2026-09-15 09:00,9.66,0.92,11.88,9.4,9.09,154,12.2,962.3,OK
2026-09-15 09:10,9.45,0.96,11.75,9.19,8.89,154,12.2,961.4,OK
2026-09-15 09:20,8.51,0.7,10.2,8.28,8.01,155,12.0,962.0,OK
2026-09-15 09:30,8.51,1.01,10.95,8.28,8.01,153,12.6,961.5,OK
2026-09-15 09:40,7.96,0.89,10.1,7.75,7.49,152,12.3,961.7,OK
2026-09-15 09:50,7.67,0.98,10.01,7.46,7.22,153,13.0,961.9,OK
2026-09-15 10:00,7.79,1.01,10.21,7.58,7.33,149,13.1,962.0,OK
2026-09-15 10:10,8.17,0.96,10.46,7.95,7.69,148,13.5,962.4,OK
2026-09-15 10:20,7.35,0.76,9.18,7.15,6.92,148,13.2,961.4,OK
2026-09-15 10:30,6.95,0.84,8.96,6.77,6.54,146,12.9,962.3,OK
2026-09-15 10:40,7.38,0.76,9.21,7.18,6.95,146,13.3,961.6,OK
2026-09-15 10:50,7.3,0.85,9.35,7.11,6.87,143,13.4,962.0,OK
2026-09-15 11:00,6.68,0.81,8.62,6.5,6.29,144,13.3,961.3,OK
2026-09-15 11:10,5.93,0.61,7.39,5.77,5.58,142,13.6,962.2,OK
2026-09-15 11:20,5.2,0.64,6.72,5.05,4.89,140,13.6,962.3,OK
2026-09-15 11:30,5.21,0.56,6.55,5.07,4.9,138,13.5,962.8,OK
2026-09-15 11:40,5.31,0.68,6.95,5.17,5.0,141,13.7,962.2,OK
2026-09-15 11:50,5.54,0.59,6.97,5.39,5.22,140,13.6,962.6,OK
2026-09-15 12:00,5.73,0.69,7.38,5.57,5.39,140,14.0,962.2,OK
2026-09-15 12:10,6.57,0.76,8.4,6.4,6.19,131,13.9,962.2,OK
2026-09-15 12:20,6.23,0.65,7.8,6.06,5.86,138,13.7,961.8,OK
2026-09-15 12:30,6.49,0.77,8.33,6.32,6.11,131,14.1,962.2,OK
2026-09-15 12:40,6.29,0.56,7.64,6.12,5.92,134,13.8,961.7,OK
2026-09-15 12:50,5.63,0.61,7.09,5.48,5.3,132,13.9,961.2,OK
2026-09-15 13:00,5.97,0.63,7.49,5.81,5.62,126,14.1,961.6,OK
2026-09-15 13:10,6.39,0.83,8.39,6.22,6.02,121,14.0,961.7,OK
2026-09-15 13:20,5.95,0.48,7.1,5.79,5.6,112,13.8,961.7,OK
2026-09-15 13:30,5.26,0.44,6.31,5.12,4.95,113,13.8,962.1,OK
2026-09-15 13:40,5.37,0.43,6.41,5.22,5.05,116,14.3,961.7,OK
2026-09-15 13:50,5.14,0.44,6.18,5.0,4.83,112,13.8,963.0,OK
2026-09-15 14:00,4.6,0.57,5.97,4.47,4.32,109,14.3,962.3,OK
2026-09-15 14:10,5.25,0.56,6.59,5.11,4.94,114,14.0,962.6,OK
2026-09-15 14:20,4.72,0.52,5.96,4.59,4.44,113,14.2,962.2,OK
2026-09-15 14:30,5.3,0.66,6.88,5.15,4.98,102,13.8,962.2,OK
2026-09-15 14:40,5.87,0.62,7.35,5.71,5.52,102,13.3,961.6,OK
2026-09-15 14:50,5.05,0.62,6.54,4.92,4.76,101,13.3,961.1,OK
2026-09-15 15:00,5.06,0.46,6.16,4.92,4.76,101,13.6,963.1,OK
2026-09-15 15:10,5.7,0.46,6.81,5.55,5.37,96,13.6,961.8,OK
2026-09-15 15:20,6.03,0.57,7.39,5.87,5.68,97,13.3,962.6,OK
2026-09-15 15:30,5.95,0.6,7.39,5.79,5.6,94,13.5,961.5,OK
2026-09-15 15:40,6.05,0.72,7.77,5.89,5.69,102,13.5,962.0,MAINT
2026-09-15 15:50,5.95,0.72,7.68,5.79,5.6,99,13.1,961.6,MAINT
2026-09-15 16:00,5.82,0.74,7.6,5.67,5.48,103,13.0,962.0,MAINT
2026-09-15 16:10,5.6,0.62,7.08,5.45,5.27,98,12.8,961.9,MAINT
2026-09-15 16:20,5.7,0.69,7.37,5.55,5.36,98,12.8,962.3,MAINT
2026-09-15 16:30,5.92,0.64,7.47,5.76,5.58,107,13.2,962.3,MAINT
2026-09-15 16:40,5.7,0.74,7.47,5.55,5.37,104,12.9,961.7,OK
2026-09-15 16:50,5.64,0.66,7.21,5.49,5.3,105,12.5,961.3,OK
2026-09-15 17:00,5.05,0.51,6.29,4.92,4.75,103,12.6,961.4,OK
2026-09-15 17:10,5.28,0.42,6.3,5.14,4.97,105,12.1,962.2,OK
2026-09-15 17:20,4.47,0.48,5.61,4.35,4.2,101,11.8,961.9,OK
2026-09-15 17:30,4.43,0.45,5.5,4.31,4.17,101,12.4,961.9,OK
2026-09-15 17:40,4.48,0.46,5.58,4.36,4.22,97,12.2,961.3,OK
2026-09-15 17:50,4.5,0.49,5.67,4.38,4.24,92,11.8,962.0,OK
2026-09-15 18:00,4.5,0.42,5.51,4.37,4.23,92,12.0,962.6,OK
2026-09-15 18:10,4.11,0.41,5.11,4.0,3.87,99,11.6,961.9,OK
2026-09-15 18:20,4.12,0.4,5.09,4.01,3.88,104,10.6,962.3,OK
2026-09-15 18:30,3.62,0.4,4.57,3.53,3.41,109,11.1,961.8,OK
2026-09-15 18:40,3.95,0.35,4.8,3.84,3.71,112,10.9,962.4,OK
2026-09-15 18:50,4.18,0.41,5.16,4.07,3.93,116,10.7,961.9,OK
2026-09-15 19:00,4.54,0.48,5.69,4.41,4.27,114,10.6,961.4,OK
2026-09-15 19:10,3.97,0.43,5.01,3.86,3.74,113,10.5,962.0,OK
2026-09-15 19:20,4.3,0.45,5.37,4.19,4.05,114,10.7,961.2,OK
2026-09-15 19:30,4.62,0.37,5.51,4.5,4.35,119,10.5,961.1,OK
2026-09-15 19:40,4.63,0.5,5.82,4.51,4.36,122,9.9,961.2,OK
2026-09-15 19:50,4.26,0.55,5.57,4.14,4.0,128,9.9,962.2,OK
2026-09-15 20:00,4.31,0.35,5.16,4.2,4.06,124,9.7,962.3,OK
2026-09-15 20:10,4.57,0.47,5.71,4.45,4.3,123,9.7,962.0,OK
2026-09-15 20:20,4.22,0.43,5.26,4.11,3.98,124,9.6,962.4,OK
2026-09-15 20:30,4.94,0.58,6.33,4.81,4.65,114,9.3,962.0,OK
2026-09-15 20:40,4.88,0.55,6.21,4.75,4.59,114,9.3,961.7,OK
2026-09-15 20:50,4.92,0.55,6.23,4.79,4.63,113,9.0,962.3,OK
2026-09-15 21:00,5.12,0.6,6.55,4.98,4.82,114,8.9,962.4,OK
2026-09-15 21:10,5.12,0.64,6.65,4.98,4.82,115,8.7,961.9,OK
2026-09-15 21:20,4.66,0.58,6.05,4.53,4.38,118,8.7,961.9,OK
2026-09-15 21:30,4.81,0.45,5.89,4.68,4.52,122,8.6,962.6,OK
2026-09-15 21:40,5.09,0.6,6.53,4.95,4.79,115,8.1,962.1,OK
2026-09-15 21:50,4.79,0.57,6.16,4.66,4.51,112,8.6,962.5,OK
2026-09-15 22:00,4.78,0.39,5.72,4.65,4.5,105,8.2,961.8,OK
2026-09-15 22:10,5.18,0.48,6.33,5.04,4.87,103,8.1,961.5,OK
2026-09-15 22:20,5.42,0.65,6.97,5.28,5.1,102,7.7,962.2,OK
2026-09-15 22:30,5.04,0.42,6.05,4.9,4.74,94,8.0,962.5,OK
2026-09-15 22:40,5.25,0.67,6.85,5.11,4.94,92,7.8,962.3,OK
2026-09-15 22:50,5.74,0.67,7.35,5.58,5.4,88,7.8,961.2,OK
2026-09-15 23:00,5.22,0.49,6.38,5.08,4.91,85,7.2,962.2,OK
2026-09-15 23:10,5.03,0.6,6.47,4.9,4.74,87,7.6,962.1,OK
2026-09-15 23:20,4.63,0.47,5.76,4.5,4.35,87,7.7,962.0,OK
2026-09-15 23:30,4.62,0.46,5.73,4.49,4.35,92,7.6,961.5,OK
2026-09-15 23:40,5.25,0.42,6.27,5.11,4.94,87,7.2,962.7,OK
2026-09-15 23:50,5.37,0.48,6.53,5.23,5.06,82,7.3,962.3,OK
2026-09-16 00:00,4.47,0.51,5.7,4.35,4.21,80,7.1,962.4,OK
2026-09-16 00:10,4.59,0.42,5.61,4.47,4.32,81,6.8,961.8,OK
2026-09-16 00:20,4.11,0.34,4.93,4.0,3.87,75,7.2,961.9,OK
2026-09-16 00:30,4.14,0.4,5.11,4.03,3.9,76,7.0,961.9,OK
2026-09-16 00:40,4.03,0.47,5.17,3.92,3.79,75,7.1,962.4,OK
2026-09-16 00:50,3.36,0.34,4.18,3.27,3.16,81,7.1,962.0,OK
2026-09-16 01:00,3.18,0.4,4.14,3.1,2.99,81,7.1,961.6,OK
2026-09-16 01:10,2.59,0.32,3.36,2.52,2.44,78,7.1,962.0,OK
2026-09-16 01:20,3.42,0.43,4.44,3.32,3.21,76,6.9,961.5,OK
2026-09-16 01:30,3.59,0.4,4.56,3.49,3.38,77,7.1,961.7,OK
2026-09-16 01:40,4.36,0.5,5.56,4.24,4.1,79,7.2,962.2,OK
2026-09-16 01:50,4.02,0.43,5.05,3.91,3.78,76,6.9,962.8,OK
2026-09-16 02:00,3.97,0.46,5.07,3.86,3.73,77,7.4,962.4,OK
2026-09-16 02:10,4.39,0.45,5.46,4.27,4.13,74,7.2,962.0,OK
2026-09-16 02:20,4.29,0.53,5.56,4.17,4.04,75,7.0,962.7,OK
2026-09-16 02:30,4.95,0.61,6.41,4.81,4.65,82,7.3,962.0,OK
2026-09-16 02:40,4.96,0.53,6.23,4.82,4.66,87,6.9,961.7,OK
2026-09-16 02:50,4.14,0.46,5.24,4.03,3.89,90,7.4,961.6,OK
2026-09-16 03:00,4.6,0.39,5.54,4.47,4.32,86,7.2,962.3,OK
2026-09-16 03:10,4.78,0.58,6.18,4.65,4.5,88,7.5,961.9,OK
2026-09-16 03:20,5.1,0.5,6.28,4.96,4.79,85,7.1,962.3,OK
2026-09-16 03:30,6.2,0.58,7.58,6.04,5.84,87,7.8,961.7,OK
2026-09-16 03:40,6.64,0.64,8.18,6.46,6.25,83,7.9,962.6,OK
2026-09-16 03:50,6.85,0.73,8.61,6.66,6.44,87,7.7,961.8,OK
2026-09-16 04:00,6.98,0.61,8.44,6.8,6.57,89,7.6,961.6,OK
2026-09-16 04:10,6.68,0.85,8.72,6.5,6.28,89,8.0,961.8,OK
2026-09-16 04:20,7.21,0.6,8.66,7.02,6.79,88,8.1,962.4,OK
2026-09-16 04:30,7.07,0.72,8.81,6.88,6.66,88,8.7,961.5,OK
2026-09-16 04:40,7.58,0.71,9.3,7.38,7.14,89,8.4,962.0,OK
2026-09-16 04:50,7.41,0.63,8.91,7.21,6.97,93,8.3,962.5,OK
2026-09-16 05:00,7.65,0.9,9.82,7.45,7.2,94,8.6,961.8,OK
2026-09-16 05:10,8.06,0.81,10.0,7.84,7.58,98,9.0,962.2,OK
2026-09-16 05:20,8.28,0.93,10.52,8.05,7.79,101,9.1,962.5,OK
2026-09-16 05:30,8.65,1.11,11.33,8.42,8.14,108,9.2,962.1,OK
2026-09-16 05:40,9.35,0.99,11.73,9.1,8.8,108,9.3,962.0,OK
2026-09-16 05:50,9.51,0.82,11.47,9.25,8.94,110,9.3,962.2,OK
2026-09-16 06:00,8.8,1.05,11.33,8.56,8.28,112,9.4,961.8,OK
2026-09-16 06:10,9.04,0.85,11.07,8.8,8.51,106,9.4,961.6,OK
2026-09-16 06:20,9.62,0.88,11.73,9.36,9.06,110,9.6,962.3,OK
2026-09-16 06:30,9.51,1.21,12.42,9.25,8.95,112,10.1,962.2,OK
2026-09-16 06:40,9.73,0.9,11.9,9.46,9.15,118,9.9,962.5,OK
2026-09-16 06:50,9.37,1.17,12.18,9.12,8.82,119,10.3,962.1,OK
2026-09-16 07:00,9.36,1.07,11.94,9.11,8.81,117,10.0,962.6,OK
2026-09-16 07:10,8.52,0.96,10.82,8.29,8.02,118,10.3,961.5,OK
2026-09-16 07:20,8.65,0.95,10.94,8.42,8.14,120,10.7,962.1,OK
2026-09-16 07:30,9.25,0.77,11.09,9.0,8.7,117,10.7,961.6,OK
2026-09-16 07:40,9.05,1.06,11.59,8.81,8.52,116,11.1,961.8,OK
2026-09-16 07:50,9.56,1.2,12.43,9.3,9.0,115,11.1,962.4,OK
2026-09-16 08:00,9.49,1.03,11.97,9.23,8.93,112,11.2,961.5,OK
2026-09-16 08:10,8.7,0.97,11.04,8.47,8.19,116,11.5,962.4,OK
2026-09-16 08:20,9.4,0.99,11.78,9.15,8.85,116,11.4,962.1,OK
2026-09-16 08:30,9.31,1.11,11.97,9.06,8.76,117,11.7,962.1,OK
2026-09-16 08:40,8.72,0.75,10.51,8.48,8.2,116,11.6,961.8,OK
2026-09-16 08:50,8.77,1.07,11.35,8.54,8.26,119,11.8,961.6,OK
2026-09-16 09:00,8.58,1.06,11.12,8.35,8.08,118,11.9,961.6,OK
2026-09-16 09:10,9.05,0.87,11.14,8.8,8.51,118,12.3,962.4,OK
2026-09-16 09:20,9.04,0.97,11.36,8.79,8.5,122,12.7,962.5,OK
2026-09-16 09:30,8.95,0.94,11.21,8.71,8.42,121,12.6,961.8,OK
2026-09-16 09:40,8.4,0.75,10.21,8.18,7.91,118,12.3,961.3,OK
2026-09-16 09:50,8.36,0.7,10.05,8.13,7.86,120,12.8,961.5,OK
2026-09-16 10:00,7.97,1.03,10.43,7.75,7.5,112,12.9,961.4,OK
2026-09-16 10:10,7.51,0.74,9.28,7.31,7.07,109,12.9,962.2,OK
2026-09-16 10:20,7.63,0.96,9.94,7.42,7.18,110,13.0,961.5,OK
2026-09-16 10:30,7.79,0.82,9.74,7.58,7.33,109,13.4,962.7,OK
2026-09-16 10:40,7.62,0.64,9.15,7.42,7.17,105,13.4,962.2,OK
2026-09-16 10:50,7.44,0.61,8.9,7.24,7.0,102,13.1,961.7,OK
2026-09-16 11:00,7.48,0.7,9.16,7.28,7.04,98,13.5,962.3,OK
2026-09-16 11:10,8.16,0.93,10.39,7.94,7.67,91,13.2,962.7,OK
2026-09-16 11:20,8.3,0.94,10.56,8.08,7.81,96,13.9,962.2,OK
2026-09-16 11:30,9.17,0.92,11.37,8.93,8.63,91,13.8,963.0,OK
2026-09-16 11:40,8.72,0.73,10.48,8.49,8.21,85,14.1,961.9,OK
2026-09-16 11:50,8.61,0.89,10.75,8.37,8.1,87,13.9,961.3,OK
2026-09-16 12:00,8.6,0.72,10.32,8.37,8.09,89,13.9,962.3,OK
2026-09-16 12:10,9.0,0.73,10.75,8.75,8.46,80,14.3,962.6,OK
2026-09-16 12:20,8.17,0.69,9.81,7.95,7.69,79,14.1,961.7,OK
2026-09-16 12:30,7.68,0.77,9.51,7.47,7.22,79,14.2,962.1,OK
2026-09-16 12:40,7.59,0.82,9.56,7.39,7.15,80,13.8,962.2,OK
2026-09-16 12:50,7.81,0.82,9.77,7.6,7.35,78,13.7,961.9,OK
2026-09-16 13:00,7.55,0.7,9.24,7.35,7.11,81,13.7,962.0,OK
2026-09-16 13:10,8.17,0.71,9.88,7.95,7.69,82,14.2,961.7,OK
2026-09-16 13:20,7.66,0.82,9.62,7.46,7.21,81,14.1,962.0,OK
2026-09-16 13:30,7.47,0.63,8.97,7.26,7.03,82,13.8,962.5,OK
2026-09-16 13:40,8.17,0.7,9.84,7.95,7.69,83,14.2,962.3,OK
2026-09-16 13:50,8.48,0.71,10.18,8.25,7.98,85,14.3,962.1,OK
2026-09-16 14:00,9.37,0.95,11.66,9.12,8.82,81,13.8,961.8,OK
2026-09-16 14:10,9.12,0.9,11.28,8.87,8.58,75,14.3,961.4,OK
2026-09-16 14:20,9.08,1.01,11.5,8.84,8.54,80,13.8,961.5,OK
2026-09-16 14:30,9.24,0.79,11.14,8.99,8.7,73,13.9,962.2,OK
2026-09-16 14:40,8.66,0.8,10.6,8.43,8.15,79,13.9,962.2,OK
2026-09-16 14:50,8.67,0.96,10.96,8.44,8.16,78,13.6,961.8,OK
2026-09-16 15:00,9.08,0.98,11.42,8.83,8.54,83,13.7,962.1,OK
2026-09-16 15:10,9.46,1.1,12.11,9.21,8.9,85,13.8,962.6,OK
2026-09-16 15:20,9.32,1.16,12.1,9.06,8.77,86,13.6,962.1,OK
2026-09-16 15:30,9.48,1.19,12.32,9.22,8.92,94,13.5,961.6,OK
2026-09-16 15:40,9.84,1.06,12.37,9.58,9.26,87,13.6,961.6,OK
2026-09-16 15:50,9.19,1.03,11.65,8.94,8.65,83,13.5,962.4,OK
2026-09-16 16:00,9.59,1.09,12.22,9.33,9.03,82,13.5,961.1,OK
2026-09-16 16:10,9.49,0.76,11.33,9.24,8.93,84,13.1,961.9,OK
2026-09-16 16:20,9.14,0.84,11.16,8.9,8.6,81,12.7,962.6,OK
2026-09-16 16:30,9.7,0.87,11.8,9.44,9.13,80,12.9,961.9,OK
2026-09-16 16:40,10.21,1.18,13.04,9.94,9.61,79,12.5,962.2,OK
2026-09-16 16:50,10.84,0.87,12.93,10.55,10.2,81,12.5,962.0,OK
2026-09-16 17:00,10.25,1.0,12.66,9.98,9.65,81,12.1,962.1,OK
2026-09-16 17:10,10.56,1.12,13.26,10.27,9.93,73,12.4,963.1,OK
2026-09-16 17:20,10.93,1.1,13.58,10.63,10.28,73,12.2,962.3,OK
2026-09-16 17:30,10.59,1.32,13.75,10.3,9.96,71,12.1,962.3,OK
2026-09-16 17:40,10.3,0.87,12.38,10.02,9.69,71,11.7,961.8,OK
2026-09-16 17:50,9.35,0.81,11.3,9.1,8.8,70,12.1,962.0,OK
2026-09-16 18:00,9.6,0.86,11.67,9.34,9.04,70,11.8,961.5,OK
2026-09-16 18:10,10.3,1.05,12.81,10.02,9.69,76,11.3,962.1,OK
2026-09-16 18:20,10.25,0.84,12.26,9.98,9.65,71,11.5,961.5,OK
2026-09-16 18:30,10.7,0.97,13.04,10.41,10.07,74,11.0,962.9,OK
2026-09-16 18:40,11.31,1.4,14.68,11.01,10.65,77,10.8,962.0,OK
2026-09-16 18:50,11.31,1.1,13.94,11.0,10.64,79,11.3,961.9,OK
2026-09-16 19:00,11.0,0.88,13.12,10.7,10.35,75,10.7,961.2,OK
2026-09-16 19:10,10.97,0.96,13.29,10.68,10.33,73,10.7,962.0,OK
2026-09-16 19:20,11.7,1.14,14.43,11.39,11.01,74,10.5,961.2,OK
2026-09-16 19:30,12.42,1.4,15.78,12.08,11.69,78,10.5,962.7,OK
2026-09-16 19:40,12.51,1.19,15.36,12.17,11.77,80,9.9,962.0,OK
2026-09-16 19:50,11.99,1.41,15.39,11.67,11.28,79,9.9,961.8,OK
2026-09-16 20:00,11.74,1.36,15.01,11.43,11.05,80,9.8,962.1,OK
2026-09-16 20:10,11.71,1.23,14.66,11.39,11.01,77,9.5,961.6,OK
2026-09-16 20:20,12.29,1.02,14.73,11.95,11.56,75,9.2,961.3,OK
2026-09-16 20:30,12.02,1.36,15.29,11.69,11.31,69,9.2,962.2,OK
2026-09-16 20:40,13.03,1.67,17.04,12.67,12.26,65,8.8,962.0,OK
2026-09-16 20:50,12.3,1.17,15.11,11.97,11.58,59,8.9,962.1,OK
2026-09-16 21:00,11.42,1.17,14.22,11.11,10.74,59,9.3,962.0,OK
2026-09-16 21:10,11.68,1.22,14.59,11.36,10.99,62,8.8,961.9,OK
2026-09-16 21:20,11.08,1.4,14.44,10.78,10.43,70,8.5,962.3,OK
2026-09-16 21:30,10.76,1.09,13.36,10.47,10.12,64,8.4,962.1,OK
2026-09-16 21:40,10.93,1.06,13.47,10.63,10.28,62,8.6,961.5,OK
2026-09-16 21:50,10.78,1.14,13.51,10.49,10.15,56,8.3,962.2,OK
2026-09-16 22:00,10.73,0.92,12.93,10.44,10.1,50,7.8,961.2,OK
2026-09-16 22:10,9.76,0.81,11.71,9.5,9.19,56,8.0,962.1,OK
2026-09-16 22:20,10.08,1.29,13.19,9.81,9.49,51,8.1,962.2,OK
2026-09-16 22:30,10.14,1.09,12.77,9.87,9.54,50,7.9,961.6,OK
2026-09-16 22:40,10.32,1.32,13.48,10.04,9.71,54,7.9,962.2,OK
2026-09-16 22:50,10.24,0.9,12.4,9.96,9.64,61,7.3,962.6,OK
2026-09-16 23:00,10.78,1.25,13.77,10.49,10.14,57,7.5,962.4,OK
2026-09-16 23:10,11.21,0.99,13.59,10.91,10.55,60,7.6,962.0,OK
2026-09-16 23:20,10.52,1.01,12.93,10.24,9.9,59,7.0,962.4,OK
2026-09-16 23:30,10.69,1.2,13.57,10.41,10.06,63,7.7,961.6,OK
2026-09-16 23:40,9.9,0.8,11.83,9.63,9.32,61,7.0,961.2,OK
2026-09-16 23:50,10.53,1.18,13.36,10.25,9.91,63,7.0,962.1,OK
