date,station,distance_m,dpm_hours,piling_day,pile,peak_sel_db_750m,notes
2026-04-01,HB-PAM-01,750,9,no,,,
2026-04-01,HB-PAM-02,750,10,no,,,
2026-04-01,HB-PAM-03,1500,8,no,,,
2026-04-01,HB-PAM-04,1500,6,no,,,
2026-04-02,HB-PAM-01,750,7,no,,,
2026-04-02,HB-PAM-02,750,5,no,,,
2026-04-02,HB-PAM-03,1500,7,no,,,
2026-04-02,HB-PAM-04,1500,7,no,,,
2026-04-03,HB-PAM-01,750,9,no,,,
2026-04-03,HB-PAM-02,750,6,no,,,
2026-04-03,HB-PAM-03,1500,9,no,,,
2026-04-03,HB-PAM-04,1500,6,no,,,
2026-04-04,HB-PAM-01,750,6,no,,,
2026-04-04,HB-PAM-02,750,9,no,,,
2026-04-04,HB-PAM-03,1500,9,no,,,
2026-04-04,HB-PAM-04,1500,8,no,,,
2026-04-05,HB-PAM-01,750,10,no,,,
2026-04-05,HB-PAM-02,750,5,no,,,
2026-04-05,HB-PAM-03,1500,5,no,,,
2026-04-05,HB-PAM-04,1500,9,no,,,
2026-04-06,HB-PAM-01,750,7,no,,,
2026-04-06,HB-PAM-02,750,6,no,,,
2026-04-06,HB-PAM-03,1500,10,no,,,
2026-04-06,HB-PAM-04,1500,10,no,,,
2026-04-07,HB-PAM-01,750,0,yes,HB-A01,158.4,piling
2026-04-07,HB-PAM-02,750,3,yes,HB-A01,158.4,
2026-04-07,HB-PAM-03,1500,7,yes,HB-A01,,
2026-04-07,HB-PAM-04,1500,4,yes,HB-A01,,
2026-04-08,HB-PAM-01,750,4,no,,,
2026-04-08,HB-PAM-02,750,10,no,,,
2026-04-08,HB-PAM-03,1500,10,no,,,
2026-04-08,HB-PAM-04,1500,4,no,,,
2026-04-09,HB-PAM-01,750,10,no,,,
2026-04-09,HB-PAM-02,750,6,no,,,
2026-04-09,HB-PAM-03,1500,5,no,,,
2026-04-09,HB-PAM-04,1500,8,no,,,
2026-04-10,HB-PAM-01,750,9,no,,,
2026-04-10,HB-PAM-02,750,6,no,,,
2026-04-10,HB-PAM-03,1500,8,no,,,
2026-04-10,HB-PAM-04,1500,4,no,,,
2026-04-11,HB-PAM-01,750,4,no,,,
2026-04-11,HB-PAM-02,750,4,no,,,
2026-04-11,HB-PAM-03,1500,10,no,,,
2026-04-11,HB-PAM-04,1500,9,no,,,
2026-04-12,HB-PAM-01,750,4,yes,HB-A02,157.9,piling
2026-04-12,HB-PAM-02,750,7,yes,HB-A02,157.9,
2026-04-12,HB-PAM-03,1500,0,yes,HB-A02,,
2026-04-12,HB-PAM-04,1500,5,yes,HB-A02,,
2026-04-13,HB-PAM-01,750,7,no,,,
2026-04-13,HB-PAM-02,750,4,no,,,
2026-04-13,HB-PAM-03,1500,5,no,,,
2026-04-13,HB-PAM-04,1500,5,no,,,
2026-04-14,HB-PAM-01,750,6,no,,,
2026-04-14,HB-PAM-02,750,5,no,,,
2026-04-14,HB-PAM-03,1500,4,no,,,
2026-04-14,HB-PAM-04,1500,8,no,,,
2026-04-15,HB-PAM-01,750,6,no,,,
2026-04-15,HB-PAM-02,750,8,no,,,
2026-04-15,HB-PAM-03,1500,7,no,,,
2026-04-15,HB-PAM-04,1500,9,no,,,
2026-04-16,HB-PAM-01,750,4,no,,,
2026-04-16,HB-PAM-02,750,7,no,,,
2026-04-16,HB-PAM-03,1500,10,no,,,
2026-04-16,HB-PAM-04,1500,9,no,,,
2026-04-17,HB-PAM-01,750,7,no,,,
2026-04-17,HB-PAM-02,750,5,no,,,
2026-04-17,HB-PAM-03,1500,7,no,,,
2026-04-17,HB-PAM-04,1500,8,no,,,
2026-04-18,HB-PAM-01,750,5,yes,HB-A03,158.8,piling
2026-04-18,HB-PAM-02,750,1,yes,HB-A03,158.8,
2026-04-18,HB-PAM-03,1500,7,yes,HB-A03,,
2026-04-18,HB-PAM-04,1500,4,yes,HB-A03,,
2026-04-19,HB-PAM-01,750,10,no,,,
2026-04-19,HB-PAM-02,750,10,no,,,
2026-04-19,HB-PAM-03,1500,5,no,,,
2026-04-19,HB-PAM-04,1500,7,no,,,
2026-04-20,HB-PAM-01,750,5,no,,,
2026-04-20,HB-PAM-02,750,9,no,,,
2026-04-20,HB-PAM-03,1500,8,no,,,
2026-04-20,HB-PAM-04,1500,4,no,,,
2026-04-21,HB-PAM-01,750,7,no,,,
2026-04-21,HB-PAM-02,750,10,no,,,
2026-04-21,HB-PAM-03,1500,10,no,,,
2026-04-21,HB-PAM-04,1500,9,no,,,
2026-04-22,HB-PAM-01,750,7,no,,,
2026-04-22,HB-PAM-02,750,5,no,,,
2026-04-22,HB-PAM-03,1500,5,no,,,
2026-04-22,HB-PAM-04,1500,7,no,,,
2026-04-23,HB-PAM-01,750,7,no,,,
2026-04-23,HB-PAM-02,750,5,no,,,
2026-04-23,HB-PAM-03,1500,6,no,,,
2026-04-23,HB-PAM-04,1500,5,no,,,
2026-04-24,HB-PAM-01,750,7,no,,,
2026-04-24,HB-PAM-02,750,5,no,,,
2026-04-24,HB-PAM-03,1500,8,no,,,
2026-04-24,HB-PAM-04,1500,6,no,,,
2026-04-25,HB-PAM-01,750,5,yes,HB-A04,160.6,noise exceedance 160.6 dB
2026-04-25,HB-PAM-02,750,2,yes,HB-A04,160.6,
2026-04-25,HB-PAM-03,1500,4,yes,HB-A04,,
2026-04-25,HB-PAM-04,1500,8,yes,HB-A04,,
2026-04-26,HB-PAM-01,750,4,no,,,
2026-04-26,HB-PAM-02,750,9,no,,,
2026-04-26,HB-PAM-03,1500,5,no,,,
2026-04-26,HB-PAM-04,1500,9,no,,,
2026-04-27,HB-PAM-01,750,6,no,,,
2026-04-27,HB-PAM-02,750,6,no,,,
2026-04-27,HB-PAM-03,1500,5,no,,,
2026-04-27,HB-PAM-04,1500,4,no,,,
2026-04-28,HB-PAM-01,750,9,no,,,
2026-04-28,HB-PAM-02,750,8,no,,,
2026-04-28,HB-PAM-03,1500,5,no,,,
2026-04-28,HB-PAM-04,1500,10,no,,,
2026-04-29,HB-PAM-01,750,7,no,,,
2026-04-29,HB-PAM-02,750,7,no,,,
2026-04-29,HB-PAM-03,1500,5,no,,,
2026-04-29,HB-PAM-04,1500,5,no,,,
2026-04-30,HB-PAM-01,750,5,no,,,
2026-04-30,HB-PAM-02,750,7,no,,,
2026-04-30,HB-PAM-03,1500,7,no,,,
2026-04-30,HB-PAM-04,1500,5,no,,,
2026-05-01,HB-PAM-01,750,5,no,,,
2026-05-01,HB-PAM-02,750,4,no,,,
2026-05-01,HB-PAM-03,1500,4,no,,,
2026-05-01,HB-PAM-04,1500,5,no,,,
2026-05-02,HB-PAM-01,750,10,no,,,
2026-05-02,HB-PAM-02,750,4,no,,,
2026-05-02,HB-PAM-03,1500,7,no,,,
2026-05-02,HB-PAM-04,1500,7,no,,,
2026-05-03,HB-PAM-01,750,1,yes,HB-A05,158.1,piling
2026-05-03,HB-PAM-02,750,8,yes,HB-A05,158.1,
2026-05-03,HB-PAM-03,1500,1,yes,HB-A05,,
2026-05-03,HB-PAM-04,1500,0,yes,HB-A05,,
2026-05-04,HB-PAM-01,750,8,no,,,
2026-05-04,HB-PAM-02,750,8,no,,,
2026-05-04,HB-PAM-03,1500,5,no,,,
2026-05-04,HB-PAM-04,1500,9,no,,,
2026-05-05,HB-PAM-01,750,7,no,,,
2026-05-05,HB-PAM-02,750,5,no,,,
2026-05-05,HB-PAM-03,1500,5,no,,,
2026-05-05,HB-PAM-04,1500,6,no,,,
2026-05-06,HB-PAM-01,750,8,no,,,
2026-05-06,HB-PAM-02,750,6,no,,,
2026-05-06,HB-PAM-03,1500,4,no,,,
2026-05-06,HB-PAM-04,1500,6,no,,,
2026-05-07,HB-PAM-01,750,10,no,,,
2026-05-07,HB-PAM-02,750,4,no,,,
2026-05-07,HB-PAM-03,1500,8,no,,,
2026-05-07,HB-PAM-04,1500,10,no,,,
2026-05-08,HB-PAM-01,750,4,no,,,
2026-05-08,HB-PAM-02,750,8,no,,,
2026-05-08,HB-PAM-03,1500,5,no,,,
2026-05-08,HB-PAM-04,1500,7,no,,,
2026-05-09,HB-PAM-01,750,5,no,,,
2026-05-09,HB-PAM-02,750,7,no,,,
2026-05-09,HB-PAM-03,1500,8,no,,,
2026-05-09,HB-PAM-04,1500,6,no,,,
2026-05-10,HB-PAM-01,750,10,no,,,
2026-05-10,HB-PAM-02,750,8,no,,,
2026-05-10,HB-PAM-03,1500,5,no,,,
2026-05-10,HB-PAM-04,1500,7,no,,,
2026-05-11,HB-PAM-01,750,4,no,,,
2026-05-11,HB-PAM-02,750,5,no,,,
2026-05-11,HB-PAM-03,1500,10,no,,,
2026-05-11,HB-PAM-04,1500,5,no,,,
2026-05-12,HB-PAM-01,750,1,yes,HB-A06,157.6,piling
2026-05-12,HB-PAM-02,750,0,yes,HB-A06,157.6,
2026-05-12,HB-PAM-03,1500,7,yes,HB-A06,,
2026-05-12,HB-PAM-04,1500,3,yes,HB-A06,,
2026-05-13,HB-PAM-01,750,6,no,,,
2026-05-13,HB-PAM-02,750,9,no,,,
2026-05-13,HB-PAM-03,1500,10,no,,,
2026-05-13,HB-PAM-04,1500,8,no,,,
2026-05-14,HB-PAM-01,750,7,no,,,
2026-05-14,HB-PAM-02,750,4,no,,,
2026-05-14,HB-PAM-03,1500,6,no,,,
2026-05-14,HB-PAM-04,1500,8,no,,,
2026-05-15,HB-PAM-01,750,4,no,,,
2026-05-15,HB-PAM-02,750,8,no,,,
2026-05-15,HB-PAM-03,1500,9,no,,,
2026-05-15,HB-PAM-04,1500,4,no,,,
2026-05-16,HB-PAM-01,750,8,no,,,
2026-05-16,HB-PAM-02,750,5,no,,,
2026-05-16,HB-PAM-03,1500,7,no,,,
2026-05-16,HB-PAM-04,1500,9,no,,,
2026-05-17,HB-PAM-01,750,6,no,,,
2026-05-17,HB-PAM-02,750,9,no,,,
2026-05-17,HB-PAM-03,1500,10,no,,,
2026-05-17,HB-PAM-04,1500,4,no,,,
2026-05-18,HB-PAM-01,750,8,no,,,
2026-05-18,HB-PAM-02,750,5,no,,,
2026-05-18,HB-PAM-03,1500,10,no,,,
2026-05-18,HB-PAM-04,1500,10,no,,,
2026-05-19,HB-PAM-01,750,9,no,,,
2026-05-19,HB-PAM-02,750,7,no,,,
2026-05-19,HB-PAM-03,1500,8,no,,,
2026-05-19,HB-PAM-04,1500,9,no,,,
2026-05-20,HB-PAM-01,750,8,no,,,
2026-05-20,HB-PAM-02,750,8,no,,,
2026-05-20,HB-PAM-03,1500,8,no,,,
2026-05-20,HB-PAM-04,1500,10,no,,,
2026-05-21,HB-PAM-01,750,6,yes,HB-A07,158.0,piling
2026-05-21,HB-PAM-02,750,1,yes,HB-A07,158.0,
2026-05-21,HB-PAM-03,1500,6,yes,HB-A07,,
2026-05-21,HB-PAM-04,1500,4,yes,HB-A07,,
2026-05-22,HB-PAM-01,750,4,no,,,
2026-05-22,HB-PAM-02,750,6,no,,,
2026-05-22,HB-PAM-03,1500,7,no,,,
2026-05-22,HB-PAM-04,1500,7,no,,,
2026-05-23,HB-PAM-01,750,5,no,,,
2026-05-23,HB-PAM-02,750,6,no,,,
2026-05-23,HB-PAM-03,1500,9,no,,,
2026-05-23,HB-PAM-04,1500,5,no,,,
2026-05-24,HB-PAM-01,750,10,no,,,
2026-05-24,HB-PAM-02,750,4,no,,,
2026-05-24,HB-PAM-03,1500,9,no,,,
2026-05-24,HB-PAM-04,1500,10,no,,,
2026-05-25,HB-PAM-01,750,7,no,,,
2026-05-25,HB-PAM-02,750,6,no,,,
2026-05-25,HB-PAM-03,1500,8,no,,,
2026-05-25,HB-PAM-04,1500,4,no,,,
2026-05-26,HB-PAM-01,750,9,no,,,
2026-05-26,HB-PAM-02,750,7,no,,,
2026-05-26,HB-PAM-03,1500,7,no,,,
2026-05-26,HB-PAM-04,1500,8,no,,,
2026-05-27,HB-PAM-01,750,7,no,,,
2026-05-27,HB-PAM-02,750,7,no,,,
2026-05-27,HB-PAM-03,1500,5,no,,,
2026-05-27,HB-PAM-04,1500,7,no,,,
2026-05-28,HB-PAM-01,750,7,no,,,
2026-05-28,HB-PAM-02,750,8,no,,,
2026-05-28,HB-PAM-03,1500,8,no,,,
2026-05-28,HB-PAM-04,1500,7,no,,,
2026-05-29,HB-PAM-01,750,9,no,,,
2026-05-29,HB-PAM-02,750,9,no,,,
2026-05-29,HB-PAM-03,1500,10,no,,,
2026-05-29,HB-PAM-04,1500,8,no,,,
2026-05-30,HB-PAM-01,750,5,yes,HB-A08,158.9,piling
2026-05-30,HB-PAM-02,750,0,yes,HB-A08,158.9,
2026-05-30,HB-PAM-03,1500,5,yes,HB-A08,,
2026-05-30,HB-PAM-04,1500,4,yes,HB-A08,,
2026-05-31,HB-PAM-01,750,8,no,,,
2026-05-31,HB-PAM-02,750,10,no,,,
2026-05-31,HB-PAM-03,1500,5,no,,,
2026-05-31,HB-PAM-04,1500,5,no,,,
2026-06-01,HB-PAM-01,750,9,no,,,
2026-06-01,HB-PAM-02,750,10,no,,,
2026-06-01,HB-PAM-03,1500,8,no,,,
2026-06-01,HB-PAM-04,1500,4,no,,,
2026-06-02,HB-PAM-01,750,7,no,,,
2026-06-02,HB-PAM-02,750,10,no,,,
2026-06-02,HB-PAM-03,1500,5,no,,,
2026-06-02,HB-PAM-04,1500,9,no,,,
2026-06-03,HB-PAM-01,750,4,no,,,
2026-06-03,HB-PAM-02,750,8,no,,,
2026-06-03,HB-PAM-03,1500,8,no,,,
2026-06-03,HB-PAM-04,1500,10,no,,,
2026-06-04,HB-PAM-01,750,5,no,,,
2026-06-04,HB-PAM-02,750,7,no,,,
2026-06-04,HB-PAM-03,1500,7,no,,,
2026-06-04,HB-PAM-04,1500,5,no,,,
2026-06-05,HB-PAM-01,750,9,no,,,
2026-06-05,HB-PAM-02,750,4,no,,,
2026-06-05,HB-PAM-03,1500,9,no,,,
2026-06-05,HB-PAM-04,1500,7,no,,,
2026-06-06,HB-PAM-01,750,9,no,,,
2026-06-06,HB-PAM-02,750,6,no,,,
2026-06-06,HB-PAM-03,1500,10,no,,,
2026-06-06,HB-PAM-04,1500,6,no,,,
2026-06-07,HB-PAM-01,750,9,no,,,
2026-06-07,HB-PAM-02,750,8,no,,,
2026-06-07,HB-PAM-03,1500,9,no,,,
2026-06-07,HB-PAM-04,1500,5,no,,,
2026-06-08,HB-PAM-01,750,7,no,,,
2026-06-08,HB-PAM-02,750,8,no,,,
2026-06-08,HB-PAM-03,1500,7,no,,,
2026-06-08,HB-PAM-04,1500,6,no,,,
2026-06-09,HB-PAM-01,750,10,no,,,
2026-06-09,HB-PAM-02,750,10,no,,,
2026-06-09,HB-PAM-03,1500,8,no,,,
2026-06-09,HB-PAM-04,1500,7,no,,,
2026-06-10,HB-PAM-01,750,8,no,,,
2026-06-10,HB-PAM-02,750,4,no,,,
2026-06-10,HB-PAM-03,1500,8,no,,,
2026-06-10,HB-PAM-04,1500,6,no,,,
2026-06-11,HB-PAM-01,750,8,no,,,
2026-06-11,HB-PAM-02,750,7,no,,,
2026-06-11,HB-PAM-03,1500,7,no,,,
2026-06-11,HB-PAM-04,1500,10,no,,,
2026-06-12,HB-PAM-01,750,4,no,,,
2026-06-12,HB-PAM-02,750,6,no,,,
2026-06-12,HB-PAM-03,1500,9,no,,,
2026-06-12,HB-PAM-04,1500,4,no,,,
2026-06-13,HB-PAM-01,750,5,no,,,
2026-06-13,HB-PAM-02,750,8,no,,,
2026-06-13,HB-PAM-03,1500,4,no,,,
2026-06-13,HB-PAM-04,1500,5,no,,,
2026-06-14,HB-PAM-01,750,5,yes,HB-A09,157.4,piling
2026-06-14,HB-PAM-02,750,5,yes,HB-A09,157.4,
2026-06-14,HB-PAM-03,1500,3,yes,HB-A09,,
2026-06-14,HB-PAM-04,1500,4,yes,HB-A09,,
2026-06-15,HB-PAM-01,750,9,no,,,
2026-06-15,HB-PAM-02,750,4,no,,,
2026-06-15,HB-PAM-03,1500,8,no,,,
2026-06-15,HB-PAM-04,1500,8,no,,,
2026-06-16,HB-PAM-01,750,7,no,,,
2026-06-16,HB-PAM-02,750,5,no,,,
2026-06-16,HB-PAM-03,1500,6,no,,,
2026-06-16,HB-PAM-04,1500,6,no,,,
2026-06-17,HB-PAM-01,750,8,no,,,
2026-06-17,HB-PAM-02,750,9,no,,,
2026-06-17,HB-PAM-03,1500,7,no,,,
2026-06-17,HB-PAM-04,1500,5,no,,,
2026-06-18,HB-PAM-01,750,9,no,,,
2026-06-18,HB-PAM-02,750,7,no,,,
2026-06-18,HB-PAM-03,1500,5,no,,,
2026-06-18,HB-PAM-04,1500,8,no,,,
2026-06-19,HB-PAM-01,750,4,no,,,
2026-06-19,HB-PAM-02,750,5,no,,,
2026-06-19,HB-PAM-03,1500,7,no,,,
2026-06-19,HB-PAM-04,1500,6,no,,,
2026-06-20,HB-PAM-01,750,4,no,,,
2026-06-20,HB-PAM-02,750,9,no,,,
2026-06-20,HB-PAM-03,1500,7,no,,,
2026-06-20,HB-PAM-04,1500,7,no,,,
2026-06-21,HB-PAM-01,750,8,no,,,
2026-06-21,HB-PAM-02,750,10,no,,,
2026-06-21,HB-PAM-03,1500,10,no,,,
2026-06-21,HB-PAM-04,1500,8,no,,,
2026-06-22,HB-PAM-01,750,9,no,,,
2026-06-22,HB-PAM-02,750,4,no,,,
2026-06-22,HB-PAM-03,1500,8,no,,,
2026-06-22,HB-PAM-04,1500,8,no,,,
2026-06-23,HB-PAM-01,750,9,no,,,
2026-06-23,HB-PAM-02,750,5,no,,,
2026-06-23,HB-PAM-03,1500,7,no,,,
2026-06-23,HB-PAM-04,1500,5,no,,,
2026-06-24,HB-PAM-01,750,5,yes,HB-A10,158.2,piling
2026-06-24,HB-PAM-02,750,1,yes,HB-A10,158.2,
2026-06-24,HB-PAM-03,1500,2,yes,HB-A10,,
2026-06-24,HB-PAM-04,1500,3,yes,HB-A10,,
2026-06-25,HB-PAM-01,750,10,no,,,
2026-06-25,HB-PAM-02,750,9,no,,,
2026-06-25,HB-PAM-03,1500,10,no,,,
2026-06-25,HB-PAM-04,1500,7,no,,,
2026-06-26,HB-PAM-01,750,10,no,,,
2026-06-26,HB-PAM-02,750,5,no,,,
2026-06-26,HB-PAM-03,1500,5,no,,,
2026-06-26,HB-PAM-04,1500,10,no,,,
2026-06-27,HB-PAM-01,750,5,no,,,
2026-06-27,HB-PAM-02,750,10,no,,,
2026-06-27,HB-PAM-03,1500,6,no,,,
2026-06-27,HB-PAM-04,1500,7,no,,,
2026-06-28,HB-PAM-01,750,6,no,,,
2026-06-28,HB-PAM-02,750,10,no,,,
2026-06-28,HB-PAM-03,1500,6,no,,,
2026-06-28,HB-PAM-04,1500,9,no,,,
2026-06-29,HB-PAM-01,750,4,no,,,
2026-06-29,HB-PAM-02,750,10,no,,,
2026-06-29,HB-PAM-03,1500,5,no,,,
2026-06-29,HB-PAM-04,1500,7,no,,,
2026-06-30,HB-PAM-01,750,7,no,,,
2026-06-30,HB-PAM-02,750,7,no,,,
2026-06-30,HB-PAM-03,1500,6,no,,,
2026-06-30,HB-PAM-04,1500,6,no,,,
2026-07-01,HB-PAM-01,750,4,no,,,
2026-07-01,HB-PAM-02,750,6,no,,,
2026-07-01,HB-PAM-03,1500,4,no,,,
2026-07-01,HB-PAM-04,1500,4,no,,,
2026-07-02,HB-PAM-01,750,4,no,,,
2026-07-02,HB-PAM-02,750,6,no,,,
2026-07-02,HB-PAM-03,1500,10,no,,,
2026-07-02,HB-PAM-04,1500,10,no,,,
2026-07-03,HB-PAM-01,750,10,no,,,
2026-07-03,HB-PAM-02,750,5,no,,,
2026-07-03,HB-PAM-03,1500,5,no,,,
2026-07-03,HB-PAM-04,1500,8,no,,,
2026-07-04,HB-PAM-01,750,6,no,,,
2026-07-04,HB-PAM-02,750,7,no,,,
2026-07-04,HB-PAM-03,1500,7,no,,,
2026-07-04,HB-PAM-04,1500,8,no,,,
2026-07-05,HB-PAM-01,750,10,no,,,
2026-07-05,HB-PAM-02,750,10,no,,,
2026-07-05,HB-PAM-03,1500,10,no,,,
2026-07-05,HB-PAM-04,1500,9,no,,,
2026-07-06,HB-PAM-01,750,9,no,,,
2026-07-06,HB-PAM-02,750,10,no,,,
2026-07-06,HB-PAM-03,1500,9,no,,,
2026-07-06,HB-PAM-04,1500,7,no,,,
2026-07-07,HB-PAM-01,750,5,no,,,
2026-07-07,HB-PAM-02,750,7,no,,,
2026-07-07,HB-PAM-03,1500,10,no,,,
2026-07-07,HB-PAM-04,1500,5,no,,,
2026-07-08,HB-PAM-01,750,4,no,,,
2026-07-08,HB-PAM-02,750,6,no,,,
2026-07-08,HB-PAM-03,1500,5,no,,,
2026-07-08,HB-PAM-04,1500,6,no,,,
2026-07-09,HB-PAM-01,750,5,no,,,
2026-07-09,HB-PAM-02,750,7,no,,,
2026-07-09,HB-PAM-03,1500,8,no,,,
2026-07-09,HB-PAM-04,1500,10,no,,,
2026-07-10,HB-PAM-01,750,4,no,,,
2026-07-10,HB-PAM-02,750,4,no,,,
2026-07-10,HB-PAM-03,1500,6,no,,,
2026-07-10,HB-PAM-04,1500,9,no,,,
2026-07-11,HB-PAM-01,750,6,no,,,
2026-07-11,HB-PAM-02,750,4,no,,,
2026-07-11,HB-PAM-03,1500,4,no,,,
2026-07-11,HB-PAM-04,1500,5,no,,,
2026-07-12,HB-PAM-01,750,4,no,,,
2026-07-12,HB-PAM-02,750,6,no,,,
2026-07-12,HB-PAM-03,1500,5,no,,,
2026-07-12,HB-PAM-04,1500,6,no,,,
2026-07-13,HB-PAM-01,750,7,no,,,
2026-07-13,HB-PAM-02,750,10,no,,,
2026-07-13,HB-PAM-03,1500,10,no,,,
2026-07-13,HB-PAM-04,1500,9,no,,,
2026-07-14,HB-PAM-01,750,4,no,,,
2026-07-14,HB-PAM-02,750,8,no,,,
2026-07-14,HB-PAM-03,1500,5,no,,,
2026-07-14,HB-PAM-04,1500,10,no,,,
2026-07-15,HB-PAM-01,750,8,no,,,
2026-07-15,HB-PAM-02,750,6,no,,,
2026-07-15,HB-PAM-03,1500,4,no,,,
2026-07-15,HB-PAM-04,1500,7,no,,,
2026-07-16,HB-PAM-01,750,6,no,,,
2026-07-16,HB-PAM-02,750,7,no,,,
2026-07-16,HB-PAM-03,1500,5,no,,,
2026-07-16,HB-PAM-04,1500,5,no,,,
2026-07-17,HB-PAM-01,750,8,no,,,
2026-07-17,HB-PAM-02,750,9,no,,,
2026-07-17,HB-PAM-03,1500,4,no,,,
2026-07-17,HB-PAM-04,1500,5,no,,,
2026-07-18,HB-PAM-01,750,5,no,,,
2026-07-18,HB-PAM-02,750,7,no,,,
2026-07-18,HB-PAM-03,1500,7,no,,,
2026-07-18,HB-PAM-04,1500,6,no,,,
2026-07-19,HB-PAM-01,750,8,no,,,
2026-07-19,HB-PAM-02,750,4,no,,,
2026-07-19,HB-PAM-03,1500,8,no,,,
2026-07-19,HB-PAM-04,1500,8,no,,,
2026-07-20,HB-PAM-01,750,10,no,,,
2026-07-20,HB-PAM-02,750,10,no,,,
2026-07-20,HB-PAM-03,1500,5,no,,,
2026-07-20,HB-PAM-04,1500,10,no,,,
2026-07-21,HB-PAM-01,750,9,no,,,
2026-07-21,HB-PAM-02,750,5,no,,,
2026-07-21,HB-PAM-03,1500,5,no,,,
2026-07-21,HB-PAM-04,1500,9,no,,,
2026-07-22,HB-PAM-01,750,6,no,,,
2026-07-22,HB-PAM-02,750,6,no,,,
2026-07-22,HB-PAM-03,1500,10,no,,,
2026-07-22,HB-PAM-04,1500,7,no,,,
2026-07-23,HB-PAM-01,750,9,no,,,
2026-07-23,HB-PAM-02,750,8,no,,,
2026-07-23,HB-PAM-03,1500,8,no,,,
2026-07-23,HB-PAM-04,1500,5,no,,,
2026-07-24,HB-PAM-01,750,6,no,,,
2026-07-24,HB-PAM-02,750,8,no,,,
2026-07-24,HB-PAM-03,1500,7,no,,,
2026-07-24,HB-PAM-04,1500,5,no,,,
2026-07-25,HB-PAM-01,750,10,no,,,
2026-07-25,HB-PAM-02,750,9,no,,,
2026-07-25,HB-PAM-03,1500,10,no,,,
2026-07-25,HB-PAM-04,1500,6,no,,,
2026-07-26,HB-PAM-01,750,6,no,,,
2026-07-26,HB-PAM-02,750,4,no,,,
2026-07-26,HB-PAM-03,1500,6,no,,,
2026-07-26,HB-PAM-04,1500,8,no,,,
2026-07-27,HB-PAM-01,750,5,no,,,
2026-07-27,HB-PAM-02,750,9,no,,,
2026-07-27,HB-PAM-03,1500,8,no,,,
2026-07-27,HB-PAM-04,1500,9,no,,,
2026-07-28,HB-PAM-01,750,9,no,,,
2026-07-28,HB-PAM-02,750,8,no,,,
2026-07-28,HB-PAM-03,1500,5,no,,,
2026-07-28,HB-PAM-04,1500,8,no,,,
2026-07-29,HB-PAM-01,750,7,no,,,
2026-07-29,HB-PAM-02,750,10,no,,,
2026-07-29,HB-PAM-03,1500,9,no,,,
2026-07-29,HB-PAM-04,1500,4,no,,,
2026-07-30,HB-PAM-01,750,7,no,,,
2026-07-30,HB-PAM-02,750,8,no,,,
2026-07-30,HB-PAM-03,1500,5,no,,,
2026-07-30,HB-PAM-04,1500,4,no,,,
2026-07-31,HB-PAM-01,750,4,no,,,
2026-07-31,HB-PAM-02,750,8,no,,,
2026-07-31,HB-PAM-03,1500,8,no,,,
2026-07-31,HB-PAM-04,1500,8,no,,,
2026-08-01,HB-PAM-01,750,4,no,,,
2026-08-01,HB-PAM-02,750,8,no,,,
2026-08-01,HB-PAM-03,1500,10,no,,,
2026-08-01,HB-PAM-04,1500,10,no,,,
2026-08-02,HB-PAM-01,750,5,no,,,
2026-08-02,HB-PAM-02,750,8,no,,,
2026-08-02,HB-PAM-03,1500,8,no,,,
2026-08-02,HB-PAM-04,1500,5,no,,,
2026-08-03,HB-PAM-01,750,10,no,,,
2026-08-03,HB-PAM-02,750,5,no,,,
2026-08-03,HB-PAM-03,1500,9,no,,,
2026-08-03,HB-PAM-04,1500,8,no,,,
2026-08-04,HB-PAM-01,750,10,no,,,
2026-08-04,HB-PAM-02,750,5,no,,,
2026-08-04,HB-PAM-03,1500,4,no,,,
2026-08-04,HB-PAM-04,1500,8,no,,,
2026-08-05,HB-PAM-01,750,6,no,,,
2026-08-05,HB-PAM-02,750,8,no,,,
2026-08-05,HB-PAM-03,1500,10,no,,,
2026-08-05,HB-PAM-04,1500,7,no,,,
2026-08-06,HB-PAM-01,750,2,yes,HB-A11,158.6,piling
2026-08-06,HB-PAM-02,750,0,yes,HB-A11,158.6,
2026-08-06,HB-PAM-03,1500,8,yes,HB-A11,,
2026-08-06,HB-PAM-04,1500,4,yes,HB-A11,,
2026-08-07,HB-PAM-01,750,5,no,,,
2026-08-07,HB-PAM-02,750,10,no,,,
2026-08-07,HB-PAM-03,1500,8,no,,,
2026-08-07,HB-PAM-04,1500,4,no,,,
2026-08-08,HB-PAM-01,750,5,no,,,
2026-08-08,HB-PAM-02,750,10,no,,,
2026-08-08,HB-PAM-03,1500,10,no,,,
2026-08-08,HB-PAM-04,1500,9,no,,,
2026-08-09,HB-PAM-01,750,4,no,,,
2026-08-09,HB-PAM-02,750,7,no,,,
2026-08-09,HB-PAM-03,1500,6,no,,,
2026-08-09,HB-PAM-04,1500,8,no,,,
2026-08-10,HB-PAM-01,750,5,no,,,
2026-08-10,HB-PAM-02,750,8,no,,,
2026-08-10,HB-PAM-03,1500,6,no,,,
2026-08-10,HB-PAM-04,1500,7,no,,,
2026-08-11,HB-PAM-01,750,10,no,,,
2026-08-11,HB-PAM-02,750,4,no,,,
2026-08-11,HB-PAM-03,1500,4,no,,,
2026-08-11,HB-PAM-04,1500,5,no,,,
2026-08-12,HB-PAM-01,750,10,no,,,
2026-08-12,HB-PAM-02,750,8,no,,,
2026-08-12,HB-PAM-03,1500,9,no,,,
2026-08-12,HB-PAM-04,1500,8,no,,,
2026-08-13,HB-PAM-01,750,9,no,,,
2026-08-13,HB-PAM-02,750,6,no,,,
2026-08-13,HB-PAM-03,1500,9,no,,,
2026-08-13,HB-PAM-04,1500,10,no,,,
2026-08-14,HB-PAM-01,750,10,no,,,
2026-08-14,HB-PAM-02,750,6,no,,,
2026-08-14,HB-PAM-03,1500,6,no,,,
2026-08-14,HB-PAM-04,1500,6,no,,,
2026-08-15,HB-PAM-01,750,4,no,,,
2026-08-15,HB-PAM-02,750,8,no,,,
2026-08-15,HB-PAM-03,1500,10,no,,,
2026-08-15,HB-PAM-04,1500,5,no,,,
2026-08-16,HB-PAM-01,750,10,no,,,
2026-08-16,HB-PAM-02,750,5,no,,,
2026-08-16,HB-PAM-03,1500,7,no,,,
2026-08-16,HB-PAM-04,1500,4,no,,,
2026-08-17,HB-PAM-01,750,8,no,,,
2026-08-17,HB-PAM-02,750,6,no,,,
2026-08-17,HB-PAM-03,1500,9,no,,,
2026-08-17,HB-PAM-04,1500,7,no,,,
2026-08-18,HB-PAM-01,750,4,no,,,
2026-08-18,HB-PAM-02,750,6,no,,,
2026-08-18,HB-PAM-03,1500,9,no,,,
2026-08-18,HB-PAM-04,1500,9,no,,,
2026-08-19,HB-PAM-01,750,8,no,,,
2026-08-19,HB-PAM-02,750,4,no,,,
2026-08-19,HB-PAM-03,1500,4,no,,,
2026-08-19,HB-PAM-04,1500,4,no,,,
2026-08-20,HB-PAM-01,750,6,no,,,
2026-08-20,HB-PAM-02,750,7,no,,,
2026-08-20,HB-PAM-03,1500,9,no,,,
2026-08-20,HB-PAM-04,1500,8,no,,,
2026-08-21,HB-PAM-01,750,9,no,,,
2026-08-21,HB-PAM-02,750,8,no,,,
2026-08-21,HB-PAM-03,1500,9,no,,,
2026-08-21,HB-PAM-04,1500,5,no,,,
2026-08-22,HB-PAM-01,750,4,no,,,
2026-08-22,HB-PAM-02,750,8,no,,,
2026-08-22,HB-PAM-03,1500,9,no,,,
2026-08-22,HB-PAM-04,1500,5,no,,,
2026-08-23,HB-PAM-01,750,6,yes,HB-A12,159.1,piling
2026-08-23,HB-PAM-02,750,3,yes,HB-A12,159.1,
2026-08-23,HB-PAM-03,1500,2,yes,HB-A12,,
2026-08-23,HB-PAM-04,1500,4,yes,HB-A12,,
2026-08-24,HB-PAM-01,750,5,no,,,
2026-08-24,HB-PAM-02,750,5,no,,,
2026-08-24,HB-PAM-03,1500,8,no,,,
2026-08-24,HB-PAM-04,1500,8,no,,,
2026-08-25,HB-PAM-01,750,4,no,,,
2026-08-25,HB-PAM-02,750,9,no,,,
2026-08-25,HB-PAM-03,1500,6,no,,,
2026-08-25,HB-PAM-04,1500,5,no,,,
2026-08-26,HB-PAM-01,750,6,no,,,
2026-08-26,HB-PAM-02,750,5,no,,,
2026-08-26,HB-PAM-03,1500,6,no,,,
2026-08-26,HB-PAM-04,1500,7,no,,,
2026-08-27,HB-PAM-01,750,10,no,,,
2026-08-27,HB-PAM-02,750,4,no,,,
2026-08-27,HB-PAM-03,1500,8,no,,,
2026-08-27,HB-PAM-04,1500,10,no,,,
2026-08-28,HB-PAM-01,750,5,no,,,
2026-08-28,HB-PAM-02,750,6,no,,,
2026-08-28,HB-PAM-03,1500,4,no,,,
2026-08-28,HB-PAM-04,1500,5,no,,,
2026-08-29,HB-PAM-01,750,7,no,,,
2026-08-29,HB-PAM-02,750,4,no,,,
2026-08-29,HB-PAM-03,1500,4,no,,,
2026-08-29,HB-PAM-04,1500,6,no,,,
2026-08-30,HB-PAM-01,750,6,no,,,
2026-08-30,HB-PAM-02,750,6,no,,,
2026-08-30,HB-PAM-03,1500,7,no,,,
2026-08-30,HB-PAM-04,1500,10,no,,,
2026-08-31,HB-PAM-01,750,7,no,,,
2026-08-31,HB-PAM-02,750,7,no,,,
2026-08-31,HB-PAM-03,1500,7,no,,,
2026-08-31,HB-PAM-04,1500,4,no,,,
2026-09-01,HB-PAM-01,750,4,no,,,
2026-09-01,HB-PAM-02,750,10,no,,,
2026-09-01,HB-PAM-03,1500,8,no,,,
2026-09-01,HB-PAM-04,1500,5,no,,,
2026-09-02,HB-PAM-01,750,8,no,,,
2026-09-02,HB-PAM-02,750,9,no,,,
2026-09-02,HB-PAM-03,1500,8,no,,,
2026-09-02,HB-PAM-04,1500,5,no,,,
2026-09-03,HB-PAM-01,750,7,no,,,
2026-09-03,HB-PAM-02,750,10,no,,,
2026-09-03,HB-PAM-03,1500,9,no,,,
2026-09-03,HB-PAM-04,1500,8,no,,,
2026-09-04,HB-PAM-01,750,8,no,,,
2026-09-04,HB-PAM-02,750,6,no,,,
2026-09-04,HB-PAM-03,1500,7,no,,,
2026-09-04,HB-PAM-04,1500,6,no,,,
2026-09-05,HB-PAM-01,750,4,no,,,
2026-09-05,HB-PAM-02,750,9,no,,,
2026-09-05,HB-PAM-03,1500,5,no,,,
2026-09-05,HB-PAM-04,1500,7,no,,,
2026-09-06,HB-PAM-01,750,7,no,,,
2026-09-06,HB-PAM-02,750,8,no,,,
2026-09-06,HB-PAM-03,1500,5,no,,,
2026-09-06,HB-PAM-04,1500,6,no,,,
2026-09-07,HB-PAM-01,750,10,no,,,
2026-09-07,HB-PAM-02,750,6,no,,,
2026-09-07,HB-PAM-03,1500,8,no,,,
2026-09-07,HB-PAM-04,1500,4,no,,,
2026-09-08,HB-PAM-01,750,8,no,,,
2026-09-08,HB-PAM-02,750,9,no,,,
2026-09-08,HB-PAM-03,1500,4,no,,,
2026-09-08,HB-PAM-04,1500,4,no,,,
2026-09-09,HB-PAM-01,750,5,no,,,
2026-09-09,HB-PAM-02,750,7,no,,,
2026-09-09,HB-PAM-03,1500,6,no,,,
2026-09-09,HB-PAM-04,1500,9,no,,,
2026-09-10,HB-PAM-01,750,6,no,,,
2026-09-10,HB-PAM-02,750,7,no,,,
2026-09-10,HB-PAM-03,1500,5,no,,,
2026-09-10,HB-PAM-04,1500,9,no,,,
2026-09-11,HB-PAM-01,750,4,yes,HB-A13,158.7,piling
2026-09-11,HB-PAM-02,750,5,yes,HB-A13,158.7,
2026-09-11,HB-PAM-03,1500,5,yes,HB-A13,,
2026-09-11,HB-PAM-04,1500,9,yes,HB-A13,,
2026-09-12,HB-PAM-01,750,6,no,,,
2026-09-12,HB-PAM-02,750,6,no,,,
2026-09-12,HB-PAM-03,1500,6,no,,,
2026-09-12,HB-PAM-04,1500,8,no,,,
2026-09-13,HB-PAM-01,750,7,no,,,
2026-09-13,HB-PAM-02,750,8,no,,,
2026-09-13,HB-PAM-03,1500,7,no,,,
2026-09-13,HB-PAM-04,1500,9,no,,,
2026-09-14,HB-PAM-01,750,4,no,,,
2026-09-14,HB-PAM-02,750,8,no,,,
2026-09-14,HB-PAM-03,1500,9,no,,,
2026-09-14,HB-PAM-04,1500,4,no,,,
2026-09-15,HB-PAM-01,750,4,no,,,
2026-09-15,HB-PAM-02,750,8,no,,,
2026-09-15,HB-PAM-03,1500,9,no,,,
2026-09-15,HB-PAM-04,1500,4,no,,,
2026-09-16,HB-PAM-01,750,7,no,,,
2026-09-16,HB-PAM-02,750,7,no,,,
2026-09-16,HB-PAM-03,1500,6,no,,,
2026-09-16,HB-PAM-04,1500,8,no,,,
2026-09-17,HB-PAM-01,750,6,no,,,
2026-09-17,HB-PAM-02,750,5,no,,,
2026-09-17,HB-PAM-03,1500,5,no,,,
2026-09-17,HB-PAM-04,1500,7,no,,,
2026-09-18,HB-PAM-01,750,4,no,,,
2026-09-18,HB-PAM-02,750,7,no,,,
2026-09-18,HB-PAM-03,1500,6,no,,,
2026-09-18,HB-PAM-04,1500,8,no,,,
2026-09-19,HB-PAM-01,750,7,no,,,
2026-09-19,HB-PAM-02,750,5,no,,,
2026-09-19,HB-PAM-03,1500,7,no,,,
2026-09-19,HB-PAM-04,1500,8,no,,,
2026-09-20,HB-PAM-01,750,10,no,,,
2026-09-20,HB-PAM-02,750,10,no,,,
2026-09-20,HB-PAM-03,1500,10,no,,,
2026-09-20,HB-PAM-04,1500,8,no,,,
2026-09-21,HB-PAM-01,750,9,no,,,
2026-09-21,HB-PAM-02,750,10,no,,,
2026-09-21,HB-PAM-03,1500,6,no,,,
2026-09-21,HB-PAM-04,1500,10,no,,,
2026-09-22,HB-PAM-01,750,9,no,,,
2026-09-22,HB-PAM-02,750,10,no,,,
2026-09-22,HB-PAM-03,1500,5,no,,,
2026-09-22,HB-PAM-04,1500,4,no,,,
2026-09-23,HB-PAM-01,750,7,no,,,
2026-09-23,HB-PAM-02,750,5,no,,,
2026-09-23,HB-PAM-03,1500,8,no,,,
2026-09-23,HB-PAM-04,1500,10,no,,,
2026-09-24,HB-PAM-01,750,5,no,,,
2026-09-24,HB-PAM-02,750,4,no,,,
2026-09-24,HB-PAM-03,1500,7,no,,,
2026-09-24,HB-PAM-04,1500,10,no,,,
2026-09-25,HB-PAM-01,750,7,no,,,
2026-09-25,HB-PAM-02,750,5,no,,,
2026-09-25,HB-PAM-03,1500,10,no,,,
2026-09-25,HB-PAM-04,1500,8,no,,,
2026-09-26,HB-PAM-01,750,4,no,,,
2026-09-26,HB-PAM-02,750,4,no,,,
2026-09-26,HB-PAM-03,1500,6,no,,,
2026-09-26,HB-PAM-04,1500,8,no,,,
2026-09-27,HB-PAM-01,750,5,no,,,
2026-09-27,HB-PAM-02,750,8,no,,,
2026-09-27,HB-PAM-03,1500,5,no,,,
2026-09-27,HB-PAM-04,1500,7,no,,,
2026-09-28,HB-PAM-01,750,5,no,,,
2026-09-28,HB-PAM-02,750,10,no,,,
2026-09-28,HB-PAM-03,1500,10,no,,,
2026-09-28,HB-PAM-04,1500,5,no,,,
2026-09-29,HB-PAM-01,750,7,no,,,
2026-09-29,HB-PAM-02,750,6,no,,,
2026-09-29,HB-PAM-03,1500,5,no,,,
2026-09-29,HB-PAM-04,1500,7,no,,,
2026-09-30,HB-PAM-01,750,4,yes,HB-A14,159.0,piling
2026-09-30,HB-PAM-02,750,6,yes,HB-A14,159.0,
2026-09-30,HB-PAM-03,1500,5,yes,HB-A14,,
2026-09-30,HB-PAM-04,1500,1,yes,HB-A14,,
