date,start_utc,duration_h,instructed_limit_mw,curtailed_mwh,reason,compensated
2025-01-12,02:00,1.5,0,45.6,Planned outage NordGrid,no
2025-01-29,14:00,8,0,353.1,Thermal constraint Borders 132 kV ring,no
2025-02-10,01:00,8,20,314.2,Voltage constraint,no
2025-02-17,12:00,2,35,41.5,Voltage constraint,no
2025-03-09,05:00,5.5,0,306.8,Voltage constraint,no
2025-03-22,18:00,6,50,95.4,Thermal constraint Borders 132 kV ring,no
2025-04-07,20:00,1.5,35,48.0,Thermal constraint Borders 132 kV ring,no
2025-04-29,20:00,6,50,107.1,Thermal constraint Borders 132 kV ring,no
2025-05-09,23:00,3,50,59.5,Voltage constraint,no
2025-05-22,21:00,6,35,132.5,Thermal constraint Borders 132 kV ring,no
2025-05-29,16:00,4,20,85.6,Planned outage NordGrid,no
2025-06-09,22:00,2,0,99.8,Thermal constraint Borders 132 kV ring,no
2025-06-24,00:00,6,0,331.6,Planned outage NordGrid,no
2025-07-12,03:00,3,20,75.1,Thermal constraint Borders 132 kV ring,no
2025-07-20,21:00,3,35,47.3,Planned outage NordGrid,no
2025-07-29,08:00,3,50,40.9,Thermal constraint Borders 132 kV ring,no
2025-08-08,01:00,4,20,149.2,Voltage constraint,no
2025-08-20,05:00,5.5,35,138.9,Thermal constraint Borders 132 kV ring,no
2025-09-11,10:00,1.5,35,33.2,Voltage constraint,no
2025-09-27,18:00,6,50,91.9,Planned outage NordGrid,no
2025-10-16,10:00,4,0,145.6,Thermal constraint Borders 132 kV ring,no
2025-10-26,13:00,8,35,168.1,Thermal constraint Borders 132 kV ring,no
2025-11-12,23:00,6,0,258.9,Planned outage NordGrid,no
2025-11-20,06:00,4,20,115.1,Voltage constraint,no
2025-12-12,12:00,5.5,20,181.5,Thermal constraint Borders 132 kV ring,no
2025-12-19,01:00,5.5,35,87.4,Voltage constraint,no
2026-01-04,04:00,5.5,0,323.3,Thermal constraint Borders 132 kV ring,yes
2026-01-26,19:00,5.5,20,181.4,Voltage constraint,yes
2026-02-12,22:00,1.5,0,84.7,Voltage constraint,yes
2026-02-25,08:00,1.5,20,39.3,Thermal constraint Borders 132 kV ring,yes
2026-03-05,23:00,6,35,183.2,Thermal constraint Borders 132 kV ring,yes
2026-03-14,03:00,2,0,104.7,Planned outage NordGrid,yes
2026-03-31,03:00,2,0,98.8,Voltage constraint,yes
2026-04-16,17:00,4,20,167.6,Planned outage NordGrid,yes
2026-04-23,18:00,6,20,186.4,Voltage constraint,yes
2026-05-02,23:00,3,20,106.2,Voltage constraint,yes
2026-05-09,15:00,6,35,161.2,Thermal constraint Borders 132 kV ring,yes
2026-05-20,22:00,5.5,0,322.3,Thermal constraint Borders 132 kV ring,yes
2026-06-01,00:00,5.5,0,202.6,Thermal constraint Borders 132 kV ring,yes
2026-06-17,11:00,6,50,111.1,Planned outage NordGrid,yes
2026-07-01,13:00,5.5,20,208.2,Thermal constraint Borders 132 kV ring,yes
2026-07-11,15:00,4,35,86.5,Thermal constraint Borders 132 kV ring,yes
2026-07-19,01:00,4,35,87.3,Thermal constraint Borders 132 kV ring,yes
2026-07-31,01:00,6,50,56.2,Thermal constraint Borders 132 kV ring,yes
2026-08-10,11:00,4,20,107.6,Planned outage NordGrid,yes
2026-08-27,16:00,6,0,210.3,Thermal constraint Borders 132 kV ring,yes
2026-09-06,23:00,5.5,35,117.8,Thermal constraint Borders 132 kV ring,yes
2026-09-16,16:00,5.5,35,131.8,Thermal constraint Borders 132 kV ring,yes
